file_name,invalid_label
00002.json,null_output
00006.json,empty_sparql_result
00017.json,empty_sparql_result
00020.json,empty_sparql_result
00021.json,empty_sparql_result
00025.json,empty_sparql_result
00026.json,empty_sparql_result
00030.json,empty_sparql_result
00032.json,sparql_execution_failed (execution)
00043.json,empty_sparql_result
00044.json,empty_sparql_result
00047.json,sparql_execution_failed (preprocessing)
00049.json,empty_sparql_result
00052.json,empty_sparql_result
00053.json,empty_sparql_result
00067.json,empty_sparql_result
00074.json,empty_sparql_result
00077.json,empty_sparql_result
00086.json,empty_sparql_result
00088.json,empty_sparql_result
00095.json,empty_sparql_result
00099.json,empty_sparql_result
00100.json,empty_sparql_result
00108.json,empty_sparql_result
00114.json,empty_sparql_result
00116.json,empty_sparql_result
00119.json,empty_sparql_result
00127.json,empty_sparql_result
00133.json,empty_sparql_result
00140.json,empty_sparql_result
00145.json,empty_sparql_result
00158.json,empty_sparql_result
00159.json,sparql_execution_failed (execution)
00161.json,sparql_execution_failed (execution)
00162.json,sparql_execution_failed (execution)
00163.json,sparql_execution_failed (execution)
00164.json,sparql_execution_failed (execution)
00165.json,sparql_execution_failed (execution)
00166.json,sparql_execution_failed (execution)
00167.json,sparql_execution_failed (execution)
00168.json,sparql_execution_failed (execution)
00169.json,sparql_execution_failed (execution)
00170.json,sparql_execution_failed (execution)
00171.json,sparql_execution_failed (execution)
00172.json,sparql_execution_failed (execution)
00173.json,sparql_execution_failed (execution)
00174.json,sparql_execution_failed (execution)
00175.json,sparql_execution_failed (execution)
00176.json,sparql_execution_failed (execution)
00177.json,sparql_execution_failed (execution)
00178.json,sparql_execution_failed (execution)
00179.json,sparql_execution_failed (execution)
00180.json,sparql_execution_failed (execution)
00181.json,sparql_execution_failed (execution)
00182.json,sparql_execution_failed (execution)
00183.json,sparql_execution_failed (execution)
00184.json,sparql_execution_failed (execution)
00185.json,sparql_execution_failed (execution)
00186.json,sparql_execution_failed (execution)
00187.json,sparql_execution_failed (execution)
00188.json,sparql_execution_failed (execution)
00189.json,sparql_execution_failed (execution)
00190.json,sparql_execution_failed (execution)
00191.json,sparql_execution_failed (execution)
00192.json,sparql_execution_failed (execution)
00193.json,sparql_execution_failed (execution)
00194.json,sparql_execution_failed (execution)
00195.json,sparql_execution_failed (execution)
00196.json,sparql_execution_failed (execution)
00197.json,sparql_execution_failed (execution)
00198.json,sparql_execution_failed (execution)
00199.json,sparql_execution_failed (execution)
00200.json,sparql_execution_failed (execution)
00201.json,sparql_execution_failed (execution)
00202.json,sparql_execution_failed (execution)
00203.json,sparql_execution_failed (execution)
00204.json,sparql_execution_failed (execution)
00205.json,sparql_execution_failed (execution)
00206.json,sparql_execution_failed (execution)
00207.json,sparql_execution_failed (execution)
00208.json,sparql_execution_failed (execution)
00209.json,sparql_execution_failed (execution)
00210.json,sparql_execution_failed (execution)
00211.json,sparql_execution_failed (execution)
00212.json,sparql_execution_failed (execution)
00213.json,sparql_execution_failed (execution)
00214.json,sparql_execution_failed (execution)
00215.json,sparql_execution_failed (execution)
00216.json,sparql_execution_failed (execution)
00217.json,sparql_execution_failed (execution)
00218.json,sparql_execution_failed (execution)
00219.json,sparql_execution_failed (execution)
00220.json,sparql_execution_failed (execution)
00221.json,sparql_execution_failed (execution)
00222.json,sparql_execution_failed (execution)
00223.json,sparql_execution_failed (execution)
00224.json,sparql_execution_failed (execution)
00225.json,sparql_execution_failed (execution)
00226.json,sparql_execution_failed (execution)
00227.json,sparql_execution_failed (execution)
00228.json,sparql_execution_failed (execution)
00229.json,sparql_execution_failed (execution)
00230.json,sparql_execution_failed (execution)
00231.json,sparql_execution_failed (execution)
00232.json,sparql_execution_failed (execution)
00233.json,sparql_execution_failed (execution)
00234.json,sparql_execution_failed (execution)
00235.json,sparql_execution_failed (execution)
00236.json,sparql_execution_failed (execution)
00237.json,sparql_execution_failed (execution)
00238.json,sparql_execution_failed (execution)
00239.json,sparql_execution_failed (execution)
00240.json,sparql_execution_failed (execution)
00241.json,sparql_execution_failed (execution)
00242.json,sparql_execution_failed (execution)
00243.json,sparql_execution_failed (execution)
00244.json,sparql_execution_failed (execution)
00245.json,sparql_execution_failed (execution)
00246.json,sparql_execution_failed (execution)
00247.json,sparql_execution_failed (execution)
00248.json,sparql_execution_failed (execution)
00249.json,sparql_execution_failed (execution)
00250.json,sparql_execution_failed (execution)
00251.json,sparql_execution_failed (execution)
00252.json,sparql_execution_failed (execution)
00253.json,sparql_execution_failed (execution)
00257.json,empty_sparql_result
00259.json,empty_sparql_result
00264.json,empty_sparql_result
