file_path,invalid_label,question,gold_answer,sparql,result,answer,explanation,formatted
SimpleQA/CompMix_table_simple_qa/00000.json,invalid_json,,,,,,,
SimpleQA/CompMix_table_simple_qa/00001.json,invalid_json,,,,,,,
SimpleQA/CompMix_table_simple_qa/00002.json,invalid_json,,,,,,,
SimpleQA/CompMix_table_simple_qa/00003.json,invalid_json,,,,,,,
SimpleQA/CompMix_table_simple_qa/00004.json,invalid_json,,,,,,,
SimpleQA/CompMix_table_simple_qa/00005.json,invalid_json,,,,,,,
SimpleQA/CompMix_table_simple_qa/00006.json,invalid_json,,,,,,,
SimpleQA/CompMix_table_simple_qa/00007.json,invalid_json,,,,,,,
SimpleQA/CompMix_table_simple_qa/00008.json,invalid_json,,,,,,,
SimpleQA/CompMix_table_simple_qa/00009.json,invalid_json,,,,,,,
SimpleQA/CompMix_table_simple_qa/00010.json,invalid_json,,,,,,,
SimpleQA/CompMix_table_simple_qa/00011.json,invalid_json,,,,,,,
SimpleQA/CompMix_table_simple_qa/00012.json,invalid_json,,,,,,,
SimpleQA/CompMix_table_simple_qa/00013.json,invalid_json,,,,,,,
SimpleQA/CompMix_table_simple_qa/00014.json,invalid_json,,,,,,,
SimpleQA/CompMix_table_simple_qa/00015.json,invalid_json,,,,,,,
SimpleQA/CompMix_table_simple_qa/00016.json,invalid_json,,,,,,,
SimpleQA/CompMix_table_simple_qa/00017.json,invalid_json,,,,,,,
SimpleQA/CompMix_table_simple_qa/00018.json,invalid_json,,,,,,,
SimpleQA/CompMix_table_simple_qa/00019.json,invalid_json,,,,,,,
SimpleQA/CompMix_table_simple_qa/00020.json,invalid_json,,,,,,,
SimpleQA/CompMix_table_simple_qa/00021.json,invalid_json,,,,,,,
SimpleQA/CompMix_table_simple_qa/00022.json,invalid_json,,,,,,,
SimpleQA/CompMix_table_simple_qa/00023.json,invalid_json,,,,,,,
SimpleQA/CompMix_table_simple_qa/00024.json,invalid_json,,,,,,,
SimpleQA/CompMix_table_simple_qa/00025.json,invalid_json,,,,,,,
SimpleQA/CompMix_table_simple_qa/00026.json,invalid_json,,,,,,,
SimpleQA/CompMix_table_simple_qa/00027.json,invalid_json,,,,,,,
SimpleQA/CompMix_table_simple_qa/00028.json,invalid_json,,,,,,,
SimpleQA/CompMix_table_simple_qa/00029.json,invalid_json,,,,,,,
SimpleQA/CompMix_table_simple_qa/00030.json,invalid_json,,,,,,,
SimpleQA/CompMix_table_simple_qa/00031.json,invalid_json,,,,,,,
SimpleQA/CompMix_table_simple_qa/00032.json,invalid_json,,,,,,,
SimpleQA/CompMix_table_simple_qa/00033.json,invalid_json,,,,,,,
SimpleQA/CompMix_table_simple_qa/00034.json,invalid_json,,,,,,,
SimpleQA/CompMix_table_simple_qa/00035.json,invalid_json,,,,,,,
SimpleQA/CompMix_table_simple_qa/00036.json,invalid_json,,,,,,,
SimpleQA/CompMix_table_simple_qa/00037.json,invalid_json,,,,,,,
SimpleQA/CompMix_table_simple_qa/00038.json,invalid_json,,,,,,,
SimpleQA/CompMix_table_simple_qa/00039.json,invalid_json,,,,,,,
SimpleQA/CompMix_table_simple_qa/00040.json,invalid_json,,,,,,,
SimpleQA/CompMix_table_simple_qa/00041.json,invalid_json,,,,,,,
SimpleQA/CompMix_table_simple_qa/00042.json,invalid_json,,,,,,,
SimpleQA/CompMix_table_simple_qa/00043.json,invalid_json,,,,,,,
SimpleQA/CompMix_table_simple_qa/00044.json,invalid_json,,,,,,,
SimpleQA/CompMix_table_simple_qa/00045.json,invalid_json,,,,,,,
SimpleQA/CompMix_table_simple_qa/00046.json,invalid_json,,,,,,,
SimpleQA/CompMix_table_simple_qa/00047.json,invalid_json,,,,,,,
SimpleQA/CompMix_table_simple_qa/00048.json,invalid_json,,,,,,,
SimpleQA/CompMix_table_simple_qa/00049.json,invalid_json,,,,,,,
SimpleQA/CompMix_table_simple_qa/00050.json,invalid_json,,,,,,,
SimpleQA/CompMix_table_simple_qa/00051.json,invalid_json,,,,,,,
SimpleQA/CompMix_table_simple_qa/00052.json,invalid_json,,,,,,,
SimpleQA/CompMix_table_simple_qa/00053.json,invalid_json,,,,,,,
SimpleQA/CompMix_table_simple_qa/00054.json,invalid_json,,,,,,,
SimpleQA/CompMix_table_simple_qa/00055.json,invalid_json,,,,,,,
SimpleQA/CompMix_table_simple_qa/00056.json,invalid_json,,,,,,,
SimpleQA/CompMix_table_simple_qa/00057.json,invalid_json,,,,,,,
SimpleQA/CompMix_table_simple_qa/00058.json,invalid_json,,,,,,,
SimpleQA/CompMix_table_simple_qa/00059.json,invalid_json,,,,,,,
SimpleQA/CompMix_table_simple_qa/00060.json,invalid_json,,,,,,,
SimpleQA/CompMix_table_simple_qa/00061.json,invalid_json,,,,,,,
SimpleQA/CompMix_table_simple_qa/00062.json,invalid_json,,,,,,,
SimpleQA/CompMix_table_simple_qa/00063.json,invalid_json,,,,,,,
SimpleQA/CompMix_table_simple_qa/00064.json,invalid_json,,,,,,,
SimpleQA/CompMix_table_simple_qa/00065.json,invalid_json,,,,,,,
SimpleQA/CompMix_table_simple_qa/00066.json,invalid_json,,,,,,,
SimpleQA/CompMix_table_simple_qa/00067.json,invalid_json,,,,,,,
SimpleQA/CompMix_table_simple_qa/00068.json,invalid_json,,,,,,,
SimpleQA/CompMix_table_simple_qa/00069.json,invalid_json,,,,,,,
SimpleQA/CompMix_table_simple_qa/00070.json,invalid_json,,,,,,,
SimpleQA/CompMix_table_simple_qa/00071.json,invalid_json,,,,,,,
SimpleQA/CompMix_table_simple_qa/00072.json,invalid_json,,,,,,,
SimpleQA/CompMix_table_simple_qa/00073.json,invalid_json,,,,,,,
SimpleQA/CompMix_table_simple_qa/00074.json,invalid_json,,,,,,,
SimpleQA/CompMix_table_simple_qa/00075.json,invalid_json,,,,,,,
SimpleQA/CompMix_table_simple_qa/00076.json,invalid_json,,,,,,,
SimpleQA/CompMix_table_simple_qa/00077.json,invalid_json,,,,,,,
SimpleQA/CompMix_table_simple_qa/00078.json,invalid_json,,,,,,,
SimpleQA/CompMix_table_simple_qa/00079.json,invalid_json,,,,,,,
SimpleQA/CompMix_table_simple_qa/00080.json,invalid_json,,,,,,,
SimpleQA/CompMix_table_simple_qa/00081.json,invalid_json,,,,,,,
SimpleQA/CompMix_table_simple_qa/00082.json,invalid_json,,,,,,,
SimpleQA/CompMix_table_simple_qa/00083.json,invalid_json,,,,,,,
SimpleQA/CompMix_table_simple_qa/00084.json,invalid_json,,,,,,,
SimpleQA/CompMix_table_simple_qa/00085.json,invalid_json,,,,,,,
SimpleQA/CompMix_table_simple_qa/00086.json,invalid_json,,,,,,,
SimpleQA/CompMix_table_simple_qa/00087.json,invalid_json,,,,,,,
SimpleQA/CompMix_table_simple_qa/00088.json,invalid_json,,,,,,,
SimpleQA/CompMix_table_simple_qa/00089.json,invalid_json,,,,,,,
SimpleQA/CompMix_table_simple_qa/00090.json,invalid_json,,,,,,,
SimpleQA/CompMix_table_simple_qa/00091.json,invalid_json,,,,,,,
SimpleQA/CompMix_table_simple_qa/00092.json,invalid_json,,,,,,,
SimpleQA/CompMix_table_simple_qa/00093.json,invalid_json,,,,,,,
SimpleQA/CompMix_table_simple_qa/00094.json,invalid_json,,,,,,,
SimpleQA/CompMix_table_simple_qa/00095.json,invalid_json,,,,,,,
SimpleQA/CompMix_table_simple_qa/00096.json,invalid_json,,,,,,,
SimpleQA/CompMix_table_simple_qa/00097.json,invalid_json,,,,,,,
SimpleQA/CompMix_table_simple_qa/00098.json,invalid_json,,,,,,,
SimpleQA/CompMix_table_simple_qa/00099.json,invalid_json,,,,,,,
SimpleQA/CompMix_table_simple_qa/00100.json,invalid_json,,,,,,,
SimpleQA/CompMix_table_simple_qa/00101.json,invalid_json,,,,,,,
SimpleQA/CompMix_table_simple_qa/00102.json,invalid_json,,,,,,,
SimpleQA/CompMix_table_simple_qa/00103.json,invalid_json,,,,,,,
SimpleQA/CompMix_table_simple_qa/00104.json,invalid_json,,,,,,,
SimpleQA/CompMix_table_simple_qa/00105.json,invalid_json,,,,,,,
SimpleQA/CompMix_table_simple_qa/00106.json,invalid_json,,,,,,,
SimpleQA/CompMix_table_simple_qa/00107.json,invalid_json,,,,,,,
SimpleQA/CompMix_table_simple_qa/00108.json,invalid_json,,,,,,,
SimpleQA/CompMix_table_simple_qa/00109.json,invalid_json,,,,,,,
SimpleQA/CompMix_table_simple_qa/00110.json,invalid_json,,,,,,,
SimpleQA/CompMix_table_simple_qa/00111.json,invalid_json,,,,,,,
SimpleQA/CompMix_table_simple_qa/00112.json,invalid_json,,,,,,,
SimpleQA/CompMix_table_simple_qa/00113.json,invalid_json,,,,,,,
SimpleQA/CompMix_table_simple_qa/00114.json,invalid_json,,,,,,,
SimpleQA/CompMix_table_simple_qa/00115.json,invalid_json,,,,,,,
SimpleQA/CompMix_table_simple_qa/00116.json,invalid_json,,,,,,,
SimpleQA/CompMix_table_simple_qa/00117.json,invalid_json,,,,,,,
SimpleQA/CompMix_table_simple_qa/00118.json,invalid_json,,,,,,,
SimpleQA/CompMix_table_simple_qa/00119.json,invalid_json,,,,,,,
SimpleQA/CompMix_table_simple_qa/00120.json,invalid_json,,,,,,,
SimpleQA/CompMix_table_simple_qa/00121.json,invalid_json,,,,,,,
SimpleQA/CompMix_table_simple_qa/00122.json,invalid_json,,,,,,,
SimpleQA/CompMix_table_simple_qa/00123.json,invalid_json,,,,,,,
SimpleQA/CompMix_table_simple_qa/00124.json,invalid_json,,,,,,,
SimpleQA/CompMix_table_simple_qa/00125.json,invalid_json,,,,,,,
SimpleQA/CompMix_table_simple_qa/00126.json,invalid_json,,,,,,,
SimpleQA/CompMix_table_simple_qa/00127.json,invalid_json,,,,,,,
SimpleQA/CompMix_table_simple_qa/00128.json,invalid_json,,,,,,,
SimpleQA/CompMix_table_simple_qa/00129.json,invalid_json,,,,,,,
SimpleQA/CompMix_table_simple_qa/00130.json,invalid_json,,,,,,,
SimpleQA/CompMix_table_simple_qa/00131.json,invalid_json,,,,,,,
SimpleQA/CompMix_table_simple_qa/00132.json,invalid_json,,,,,,,
SimpleQA/CompMix_table_simple_qa/00133.json,invalid_json,,,,,,,
SimpleQA/CompMix_table_simple_qa/00134.json,invalid_json,,,,,,,
SimpleQA/CompMix_table_simple_qa/00135.json,invalid_json,,,,,,,
SimpleQA/CompMix_table_simple_qa/00136.json,invalid_json,,,,,,,
SimpleQA/CompMix_table_simple_qa/00137.json,invalid_json,,,,,,,
SimpleQA/CompMix_table_simple_qa/00138.json,invalid_json,,,,,,,
SimpleQA/CompMix_table_simple_qa/00139.json,invalid_json,,,,,,,
SimpleQA/CompMix_table_simple_qa/00140.json,invalid_json,,,,,,,
SimpleQA/CompMix_table_simple_qa/00141.json,invalid_json,,,,,,,
SimpleQA/CompMix_table_simple_qa/00142.json,invalid_json,,,,,,,
SimpleQA/CompMix_table_simple_qa/00143.json,invalid_json,,,,,,,
SimpleQA/CompMix_table_simple_qa/00144.json,invalid_json,,,,,,,
SimpleQA/CompMix_table_simple_qa/00145.json,invalid_json,,,,,,,
SimpleQA/CompMix_table_simple_qa/00146.json,invalid_json,,,,,,,
SimpleQA/CompMix_table_simple_qa/00147.json,invalid_json,,,,,,,
SimpleQA/CompMix_table_simple_qa/00148.json,invalid_json,,,,,,,
SimpleQA/CompMix_table_simple_qa/00149.json,invalid_json,,,,,,,
SimpleQA/CompMix_table_simple_qa/00150.json,invalid_json,,,,,,,
SimpleQA/CompMix_table_simple_qa/00151.json,invalid_json,,,,,,,
SimpleQA/CompMix_table_simple_qa/00152.json,invalid_json,,,,,,,
SimpleQA/CompMix_table_simple_qa/00153.json,invalid_json,,,,,,,
SimpleQA/CompMix_table_simple_qa/00154.json,invalid_json,,,,,,,
SimpleQA/CompMix_table_simple_qa/00155.json,invalid_json,,,,,,,
SimpleQA/CompMix_table_simple_qa/00156.json,invalid_json,,,,,,,
SimpleQA/CompMix_table_simple_qa/00157.json,invalid_json,,,,,,,
SimpleQA/CompMix_table_simple_qa/00158.json,invalid_json,,,,,,,
SimpleQA/CompMix_table_simple_qa/00159.json,invalid_json,,,,,,,
SimpleQA/CompMix_table_simple_qa/00160.json,invalid_json,,,,,,,
SimpleQA/CompMix_table_simple_qa/00161.json,invalid_json,,,,,,,
SimpleQA/CompMix_table_simple_qa/00162.json,invalid_json,,,,,,,
SimpleQA/CompMix_table_simple_qa/00163.json,invalid_json,,,,,,,
SimpleQA/CompMix_table_simple_qa/00164.json,invalid_json,,,,,,,
SimpleQA/CompMix_table_simple_qa/00165.json,invalid_json,,,,,,,
SimpleQA/CompMix_table_simple_qa/00166.json,invalid_json,,,,,,,
SimpleQA/CompMix_table_simple_qa/00167.json,invalid_json,,,,,,,
SimpleQA/CompMix_table_simple_qa/00168.json,invalid_json,,,,,,,
SimpleQA/CompMix_table_simple_qa/00169.json,invalid_json,,,,,,,
SimpleQA/CompMix_table_simple_qa/00170.json,invalid_json,,,,,,,
SimpleQA/CompMix_table_simple_qa/00171.json,invalid_json,,,,,,,
SimpleQA/CompMix_table_simple_qa/00172.json,invalid_json,,,,,,,
SimpleQA/CompMix_table_simple_qa/00173.json,invalid_json,,,,,,,
SimpleQA/CompMix_table_simple_qa/00174.json,invalid_json,,,,,,,
SimpleQA/CompMix_table_simple_qa/00175.json,invalid_json,,,,,,,
SimpleQA/CompMix_table_simple_qa/00176.json,invalid_json,,,,,,,
SimpleQA/CompMix_table_simple_qa/00177.json,invalid_json,,,,,,,
SimpleQA/CompMix_table_simple_qa/00178.json,invalid_json,,,,,,,
SimpleQA/CompMix_table_simple_qa/00179.json,invalid_json,,,,,,,
SimpleQA/CompMix_table_simple_qa/00180.json,invalid_json,,,,,,,
SimpleQA/CompMix_table_simple_qa/00181.json,invalid_json,,,,,,,
SimpleQA/CompMix_table_simple_qa/00182.json,invalid_json,,,,,,,
SimpleQA/CompMix_table_simple_qa/00183.json,invalid_json,,,,,,,
SimpleQA/CompMix_table_simple_qa/00184.json,invalid_json,,,,,,,
SimpleQA/CompMix_table_simple_qa/00185.json,invalid_json,,,,,,,
SimpleQA/CompMix_table_simple_qa/00186.json,invalid_json,,,,,,,
SimpleQA/CompMix_table_simple_qa/00187.json,invalid_json,,,,,,,
SimpleQA/CompMix_table_simple_qa/00188.json,invalid_json,,,,,,,
SimpleQA/CompMix_table_simple_qa/00189.json,invalid_json,,,,,,,
SimpleQA/CompMix_table_simple_qa/00190.json,invalid_json,,,,,,,
SimpleQA/CompMix_table_simple_qa/00191.json,invalid_json,,,,,,,
SimpleQA/CompMix_table_simple_qa/00192.json,invalid_json,,,,,,,
SimpleQA/CompMix_table_simple_qa/00193.json,invalid_json,,,,,,,
SimpleQA/CompMix_table_simple_qa/00194.json,invalid_json,,,,,,,
SimpleQA/CompMix_table_simple_qa/00195.json,invalid_json,,,,,,,
SimpleQA/CompMix_table_simple_qa/00196.json,invalid_json,,,,,,,
SimpleQA/CompMix_table_simple_qa/00197.json,invalid_json,,,,,,,
SimpleQA/CompMix_table_simple_qa/00198.json,invalid_json,,,,,,,
SimpleQA/CompMix_table_simple_qa/00199.json,invalid_json,,,,,,,
SimpleQA/CompMix_table_simple_qa/00200.json,invalid_json,,,,,,,
SimpleQA/CompMix_table_simple_qa/00201.json,invalid_json,,,,,,,
SimpleQA/CompMix_table_simple_qa/00202.json,invalid_json,,,,,,,
SimpleQA/CompMix_table_simple_qa/00203.json,invalid_json,,,,,,,
SimpleQA/CompMix_table_simple_qa/00204.json,invalid_json,,,,,,,
SimpleQA/CompMix_table_simple_qa/00205.json,invalid_json,,,,,,,
SimpleQA/CompMix_table_simple_qa/00206.json,invalid_json,,,,,,,
SimpleQA/CompMix_table_simple_qa/00207.json,invalid_json,,,,,,,
SimpleQA/CompMix_table_simple_qa/00208.json,invalid_json,,,,,,,
SimpleQA/CompMix_table_simple_qa/00209.json,invalid_json,,,,,,,
SimpleQA/CompMix_table_simple_qa/00210.json,invalid_json,,,,,,,
SimpleQA/CompMix_table_simple_qa/00211.json,invalid_json,,,,,,,
SimpleQA/CompMix_table_simple_qa/00212.json,invalid_json,,,,,,,
SimpleQA/CompMix_table_simple_qa/00213.json,invalid_json,,,,,,,
SimpleQA/CompMix_table_simple_qa/00214.json,invalid_json,,,,,,,
SimpleQA/CompMix_table_simple_qa/00215.json,invalid_json,,,,,,,
SimpleQA/CompMix_table_simple_qa/00216.json,invalid_json,,,,,,,
SimpleQA/CompMix_table_simple_qa/00217.json,invalid_json,,,,,,,
SimpleQA/CompMix_table_simple_qa/00218.json,invalid_json,,,,,,,
SimpleQA/CompMix_table_simple_qa/00219.json,invalid_json,,,,,,,
SimpleQA/CompMix_table_simple_qa/00220.json,invalid_json,,,,,,,
SimpleQA/CompMix_table_simple_qa/00221.json,invalid_json,,,,,,,
SimpleQA/CompMix_table_simple_qa/00222.json,invalid_json,,,,,,,
SimpleQA/CompMix_table_simple_qa/00223.json,invalid_json,,,,,,,
SimpleQA/CompMix_table_simple_qa/00224.json,invalid_json,,,,,,,
SimpleQA/CompMix_table_simple_qa/00225.json,invalid_json,,,,,,,
SimpleQA/CompMix_table_simple_qa/00226.json,invalid_json,,,,,,,
SimpleQA/CompMix_table_simple_qa/00227.json,invalid_json,,,,,,,
SimpleQA/CompMix_table_simple_qa/00228.json,invalid_json,,,,,,,
SimpleQA/CompMix_table_simple_qa/00229.json,invalid_json,,,,,,,
SimpleQA/CompMix_table_simple_qa/00230.json,invalid_json,,,,,,,
SimpleQA/CompMix_table_simple_qa/00231.json,invalid_json,,,,,,,
SimpleQA/CompMix_table_simple_qa/00232.json,invalid_json,,,,,,,
SimpleQA/CompMix_table_simple_qa/00233.json,invalid_json,,,,,,,
SimpleQA/CompMix_table_simple_qa/00234.json,invalid_json,,,,,,,
SimpleQA/CompMix_table_simple_qa/00235.json,invalid_json,,,,,,,
SimpleQA/CompMix_table_simple_qa/00236.json,invalid_json,,,,,,,
SimpleQA/CompMix_table_simple_qa/00237.json,invalid_json,,,,,,,
SimpleQA/CompMix_table_simple_qa/00238.json,invalid_json,,,,,,,
SimpleQA/CompMix_table_simple_qa/00239.json,invalid_json,,,,,,,
SimpleQA/CompMix_table_simple_qa/00240.json,invalid_json,,,,,,,
SimpleQA/CompMix_table_simple_qa/00241.json,invalid_json,,,,,,,
SimpleQA/CompMix_table_simple_qa/00242.json,invalid_json,,,,,,,
SimpleQA/CompMix_table_simple_qa/00243.json,invalid_json,,,,,,,
SimpleQA/CompMix_table_simple_qa/00244.json,invalid_json,,,,,,,
SimpleQA/CompMix_table_simple_qa/00245.json,invalid_json,,,,,,,
SimpleQA/CompMix_table_simple_qa/00246.json,invalid_json,,,,,,,
SimpleQA/CompMix_table_simple_qa/00247.json,invalid_json,,,,,,,
SimpleQA/CompMix_table_simple_qa/00248.json,invalid_json,,,,,,,
SimpleQA/CompMix_table_simple_qa/00249.json,invalid_json,,,,,,,
SimpleQA/CompMix_table_simple_qa/00250.json,invalid_json,,,,,,,
SimpleQA/CompMix_table_simple_qa/00251.json,invalid_json,,,,,,,
SimpleQA/CompMix_table_simple_qa/00252.json,invalid_json,,,,,,,
SimpleQA/CompMix_table_simple_qa/00253.json,invalid_json,,,,,,,
SimpleQA/CompMix_table_simple_qa/00254.json,invalid_json,,,,,,,
SimpleQA/CompMix_table_simple_qa/00255.json,invalid_json,,,,,,,
SimpleQA/CompMix_table_simple_qa/00256.json,invalid_json,,,,,,,
SimpleQA/CompMix_table_simple_qa/00257.json,invalid_json,,,,,,,
SimpleQA/CompMix_table_simple_qa/00258.json,invalid_json,,,,,,,
SimpleQA/CompMix_table_simple_qa/00259.json,invalid_json,,,,,,,
SimpleQA/CompMix_table_simple_qa/00260.json,invalid_json,,,,,,,
SimpleQA/CompMix_table_simple_qa/00261.json,invalid_json,,,,,,,
SimpleQA/CompMix_table_simple_qa/00262.json,invalid_json,,,,,,,
SimpleQA/CompMix_table_simple_qa/00263.json,invalid_json,,,,,,,
SimpleQA/CompMix_table_simple_qa/00264.json,invalid_json,,,,,,,
SimpleQA/CompMix_table_simple_qa/00265.json,invalid_json,,,,,,,
SimpleQA/CompMix_table_simple_qa/00266.json,invalid_json,,,,,,,
SimpleQA/CompMix_table_simple_qa/00267.json,invalid_json,,,,,,,
SimpleQA/CompMix_table_simple_qa/00268.json,invalid_json,,,,,,,
SimpleQA/CompMix_table_simple_qa/00269.json,invalid_json,,,,,,,
SimpleQA/CompMix_table_simple_qa/00270.json,invalid_json,,,,,,,
SimpleQA/CompMix_table_simple_qa/00271.json,invalid_json,,,,,,,
SimpleQA/CompMix_table_simple_qa/00272.json,invalid_json,,,,,,,
SimpleQA/CompMix_table_simple_qa/00273.json,invalid_json,,,,,,,
SimpleQA/CompMix_table_simple_qa/00274.json,invalid_json,,,,,,,
SimpleQA/CompMix_table_simple_qa/00275.json,invalid_json,,,,,,,
SimpleQA/CompMix_table_simple_qa/00276.json,invalid_json,,,,,,,
SimpleQA/CompMix_table_simple_qa/00277.json,invalid_json,,,,,,,
SimpleQA/CompMix_table_simple_qa/00278.json,invalid_json,,,,,,,
SimpleQA/CompMix_table_simple_qa/00279.json,invalid_json,,,,,,,
SimpleQA/CompMix_table_simple_qa/00280.json,invalid_json,,,,,,,
SimpleQA/CompMix_table_simple_qa/00281.json,invalid_json,,,,,,,
SimpleQA/CompMix_table_simple_qa/00282.json,invalid_json,,,,,,,
SimpleQA/CompMix_table_simple_qa/00283.json,invalid_json,,,,,,,
SimpleQA/CompMix_table_simple_qa/00284.json,invalid_json,,,,,,,
SimpleQA/CompMix_table_simple_qa/00285.json,invalid_json,,,,,,,
SimpleQA/CompMix_table_simple_qa/00286.json,invalid_json,,,,,,,
SimpleQA/CompMix_table_simple_qa/00287.json,invalid_json,,,,,,,
SimpleQA/CompMix_table_simple_qa/00288.json,invalid_json,,,,,,,
SimpleQA/CompMix_table_simple_qa/00289.json,invalid_json,,,,,,,
SimpleQA/CompMix_table_simple_qa/00290.json,invalid_json,,,,,,,
SimpleQA/CompMix_table_simple_qa/00291.json,invalid_json,,,,,,,
SimpleQA/CompMix_table_simple_qa/00292.json,invalid_json,,,,,,,
SimpleQA/CompMix_table_simple_qa/00293.json,invalid_json,,,,,,,
SimpleQA/CompMix_table_simple_qa/00294.json,invalid_json,,,,,,,
SimpleQA/CompMix_table_simple_qa/00295.json,invalid_json,,,,,,,
SimpleQA/CompMix_table_simple_qa/00296.json,invalid_json,,,,,,,
SimpleQA/CompMix_table_simple_qa/00297.json,invalid_json,,,,,,,
SimpleQA/CompMix_table_simple_qa/00298.json,invalid_json,,,,,,,
SimpleQA/CompMix_table_simple_qa/00299.json,invalid_json,,,,,,,
SimpleQA/CompMix_table_simple_qa/00300.json,invalid_json,,,,,,,
SimpleQA/CompMix_table_simple_qa/00301.json,invalid_json,,,,,,,
SimpleQA/CompMix_table_simple_qa/00302.json,invalid_json,,,,,,,
SimpleQA/CompMix_table_simple_qa/00303.json,invalid_json,,,,,,,
SimpleQA/CompMix_table_simple_qa/00304.json,invalid_json,,,,,,,
SimpleQA/CompMix_table_simple_qa/00305.json,invalid_json,,,,,,,
SimpleQA/CompMix_table_simple_qa/00306.json,invalid_json,,,,,,,
SimpleQA/CompMix_table_simple_qa/00307.json,invalid_json,,,,,,,
SimpleQA/CompMix_table_simple_qa/00308.json,invalid_json,,,,,,,
SimpleQA/CompMix_table_simple_qa/00309.json,invalid_json,,,,,,,
SimpleQA/CompMix_table_simple_qa/00310.json,invalid_json,,,,,,,
SimpleQA/CompMix_table_simple_qa/00311.json,invalid_json,,,,,,,
SimpleQA/CompMix_table_simple_qa/00312.json,invalid_json,,,,,,,
SimpleQA/CompMix_table_simple_qa/00313.json,invalid_json,,,,,,,
SimpleQA/CompMix_table_simple_qa/00314.json,invalid_json,,,,,,,
SimpleQA/CompMix_table_simple_qa/00315.json,invalid_json,,,,,,,
SimpleQA/CompMix_table_simple_qa/00316.json,invalid_json,,,,,,,
SimpleQA/CompMix_table_simple_qa/00317.json,invalid_json,,,,,,,
SimpleQA/CompMix_table_simple_qa/00318.json,invalid_json,,,,,,,
SimpleQA/CompMix_table_simple_qa/00319.json,invalid_json,,,,,,,
SimpleQA/CompMix_table_simple_qa/00320.json,invalid_json,,,,,,,
SimpleQA/CompMix_table_simple_qa/00321.json,invalid_json,,,,,,,
SimpleQA/CompMix_table_simple_qa/00322.json,invalid_json,,,,,,,
SimpleQA/CompMix_table_simple_qa/00323.json,invalid_json,,,,,,,
SimpleQA/CompMix_table_simple_qa/00324.json,invalid_json,,,,,,,
SimpleQA/CompMix_table_simple_qa/00325.json,invalid_json,,,,,,,
SimpleQA/CompMix_table_simple_qa/timing_summary.json,null_output,,,,,,,
SimpleQA/NQ_table_test_simple/00000.json,invalid_json,,,,,,,
SimpleQA/NQ_table_test_simple/00001.json,invalid_json,,,,,,,
SimpleQA/NQ_table_test_simple/00002.json,invalid_json,,,,,,,
SimpleQA/NQ_table_test_simple/00003.json,invalid_json,,,,,,,
SimpleQA/NQ_table_test_simple/00004.json,invalid_json,,,,,,,
SimpleQA/NQ_table_test_simple/00005.json,invalid_json,,,,,,,
SimpleQA/NQ_table_test_simple/00006.json,invalid_json,,,,,,,
SimpleQA/NQ_table_test_simple/00007.json,invalid_json,,,,,,,
SimpleQA/NQ_table_test_simple/00008.json,invalid_json,,,,,,,
SimpleQA/NQ_table_test_simple/00009.json,invalid_json,,,,,,,
SimpleQA/NQ_table_test_simple/00010.json,invalid_json,,,,,,,
SimpleQA/NQ_table_test_simple/00011.json,invalid_json,,,,,,,
SimpleQA/NQ_table_test_simple/00012.json,invalid_json,,,,,,,
SimpleQA/NQ_table_test_simple/00013.json,invalid_json,,,,,,,
SimpleQA/NQ_table_test_simple/00014.json,invalid_json,,,,,,,
SimpleQA/NQ_table_test_simple/00015.json,invalid_json,,,,,,,
SimpleQA/NQ_table_test_simple/00016.json,invalid_json,,,,,,,
SimpleQA/NQ_table_test_simple/00017.json,invalid_json,,,,,,,
SimpleQA/NQ_table_test_simple/00018.json,invalid_json,,,,,,,
SimpleQA/NQ_table_test_simple/00019.json,invalid_json,,,,,,,
SimpleQA/NQ_table_test_simple/00020.json,invalid_json,,,,,,,
SimpleQA/NQ_table_test_simple/00021.json,invalid_json,,,,,,,
SimpleQA/NQ_table_test_simple/00022.json,invalid_json,,,,,,,
SimpleQA/NQ_table_test_simple/00023.json,invalid_json,,,,,,,
SimpleQA/NQ_table_test_simple/00024.json,invalid_json,,,,,,,
SimpleQA/NQ_table_test_simple/00025.json,invalid_json,,,,,,,
SimpleQA/NQ_table_test_simple/00026.json,invalid_json,,,,,,,
SimpleQA/NQ_table_test_simple/00027.json,invalid_json,,,,,,,
SimpleQA/NQ_table_test_simple/00028.json,invalid_json,,,,,,,
SimpleQA/NQ_table_test_simple/00029.json,invalid_json,,,,,,,
SimpleQA/NQ_table_test_simple/00030.json,invalid_json,,,,,,,
SimpleQA/NQ_table_test_simple/00031.json,invalid_json,,,,,,,
SimpleQA/NQ_table_test_simple/00032.json,invalid_json,,,,,,,
SimpleQA/NQ_table_test_simple/00033.json,invalid_json,,,,,,,
SimpleQA/NQ_table_test_simple/00034.json,invalid_json,,,,,,,
SimpleQA/NQ_table_test_simple/00035.json,invalid_json,,,,,,,
SimpleQA/NQ_table_test_simple/00036.json,invalid_json,,,,,,,
SimpleQA/NQ_table_test_simple/00037.json,invalid_json,,,,,,,
SimpleQA/NQ_table_test_simple/00038.json,invalid_json,,,,,,,
SimpleQA/NQ_table_test_simple/00039.json,invalid_json,,,,,,,
SimpleQA/NQ_table_test_simple/00040.json,invalid_json,,,,,,,
SimpleQA/NQ_table_test_simple/00041.json,invalid_json,,,,,,,
SimpleQA/NQ_table_test_simple/00042.json,invalid_json,,,,,,,
SimpleQA/NQ_table_test_simple/00043.json,invalid_json,,,,,,,
SimpleQA/NQ_table_test_simple/00044.json,invalid_json,,,,,,,
SimpleQA/NQ_table_test_simple/00045.json,invalid_json,,,,,,,
SimpleQA/NQ_table_test_simple/00046.json,invalid_json,,,,,,,
SimpleQA/NQ_table_test_simple/00047.json,invalid_json,,,,,,,
SimpleQA/NQ_table_test_simple/00048.json,invalid_json,,,,,,,
SimpleQA/NQ_table_test_simple/00049.json,invalid_json,,,,,,,
SimpleQA/NQ_table_test_simple/00050.json,invalid_json,,,,,,,
SimpleQA/NQ_table_test_simple/00051.json,invalid_json,,,,,,,
SimpleQA/NQ_table_test_simple/00052.json,invalid_json,,,,,,,
SimpleQA/NQ_table_test_simple/00053.json,invalid_json,,,,,,,
SimpleQA/NQ_table_test_simple/00054.json,invalid_json,,,,,,,
SimpleQA/NQ_table_test_simple/00055.json,invalid_json,,,,,,,
SimpleQA/NQ_table_test_simple/00056.json,invalid_json,,,,,,,
SimpleQA/NQ_table_test_simple/00057.json,invalid_json,,,,,,,
SimpleQA/NQ_table_test_simple/00058.json,invalid_json,,,,,,,
SimpleQA/NQ_table_test_simple/00059.json,invalid_json,,,,,,,
SimpleQA/NQ_table_test_simple/00060.json,invalid_json,,,,,,,
SimpleQA/NQ_table_test_simple/00061.json,invalid_json,,,,,,,
SimpleQA/NQ_table_test_simple/00062.json,invalid_json,,,,,,,
SimpleQA/NQ_table_test_simple/00063.json,invalid_json,,,,,,,
SimpleQA/NQ_table_test_simple/00064.json,invalid_json,,,,,,,
SimpleQA/NQ_table_test_simple/00065.json,invalid_json,,,,,,,
SimpleQA/NQ_table_test_simple/00066.json,invalid_json,,,,,,,
SimpleQA/NQ_table_test_simple/00067.json,invalid_json,,,,,,,
SimpleQA/NQ_table_test_simple/00068.json,invalid_json,,,,,,,
SimpleQA/NQ_table_test_simple/00069.json,invalid_json,,,,,,,
SimpleQA/NQ_table_test_simple/00070.json,invalid_json,,,,,,,
SimpleQA/NQ_table_test_simple/00071.json,invalid_json,,,,,,,
SimpleQA/NQ_table_test_simple/00072.json,invalid_json,,,,,,,
SimpleQA/NQ_table_test_simple/00073.json,invalid_json,,,,,,,
SimpleQA/NQ_table_test_simple/00074.json,invalid_json,,,,,,,
SimpleQA/NQ_table_test_simple/00075.json,invalid_json,,,,,,,
SimpleQA/NQ_table_test_simple/00076.json,invalid_json,,,,,,,
SimpleQA/NQ_table_test_simple/00077.json,invalid_json,,,,,,,
SimpleQA/NQ_table_test_simple/00078.json,invalid_json,,,,,,,
SimpleQA/NQ_table_test_simple/00079.json,invalid_json,,,,,,,
SimpleQA/NQ_table_test_simple/00080.json,invalid_json,,,,,,,
SimpleQA/NQ_table_test_simple/00081.json,invalid_json,,,,,,,
SimpleQA/NQ_table_test_simple/00082.json,invalid_json,,,,,,,
SimpleQA/NQ_table_test_simple/00083.json,invalid_json,,,,,,,
SimpleQA/NQ_table_test_simple/00084.json,invalid_json,,,,,,,
SimpleQA/NQ_table_test_simple/00085.json,invalid_json,,,,,,,
SimpleQA/NQ_table_test_simple/00086.json,invalid_json,,,,,,,
SimpleQA/NQ_table_test_simple/00087.json,invalid_json,,,,,,,
SimpleQA/NQ_table_test_simple/00088.json,invalid_json,,,,,,,
SimpleQA/NQ_table_test_simple/00089.json,invalid_json,,,,,,,
SimpleQA/NQ_table_test_simple/00090.json,invalid_json,,,,,,,
SimpleQA/NQ_table_test_simple/00091.json,invalid_json,,,,,,,
SimpleQA/NQ_table_test_simple/00092.json,invalid_json,,,,,,,
SimpleQA/NQ_table_test_simple/00093.json,invalid_json,,,,,,,
SimpleQA/NQ_table_test_simple/00094.json,invalid_json,,,,,,,
SimpleQA/NQ_table_test_simple/00095.json,invalid_json,,,,,,,
SimpleQA/NQ_table_test_simple/00096.json,invalid_json,,,,,,,
SimpleQA/NQ_table_test_simple/00097.json,invalid_json,,,,,,,
SimpleQA/NQ_table_test_simple/00098.json,invalid_json,,,,,,,
SimpleQA/NQ_table_test_simple/00099.json,invalid_json,,,,,,,
SimpleQA/NQ_table_test_simple/00100.json,invalid_json,,,,,,,
SimpleQA/NQ_table_test_simple/00101.json,invalid_json,,,,,,,
SimpleQA/NQ_table_test_simple/00102.json,invalid_json,,,,,,,
SimpleQA/NQ_table_test_simple/00103.json,invalid_json,,,,,,,
SimpleQA/NQ_table_test_simple/00104.json,invalid_json,,,,,,,
SimpleQA/NQ_table_test_simple/00105.json,invalid_json,,,,,,,
SimpleQA/NQ_table_test_simple/00106.json,invalid_json,,,,,,,
SimpleQA/NQ_table_test_simple/00107.json,invalid_json,,,,,,,
SimpleQA/NQ_table_test_simple/00108.json,invalid_json,,,,,,,
SimpleQA/NQ_table_test_simple/00109.json,invalid_json,,,,,,,
SimpleQA/NQ_table_test_simple/00110.json,invalid_json,,,,,,,
SimpleQA/NQ_table_test_simple/00111.json,invalid_json,,,,,,,
SimpleQA/NQ_table_test_simple/00112.json,invalid_json,,,,,,,
SimpleQA/NQ_table_test_simple/00113.json,invalid_json,,,,,,,
SimpleQA/NQ_table_test_simple/00114.json,invalid_json,,,,,,,
SimpleQA/NQ_table_test_simple/00115.json,invalid_json,,,,,,,
SimpleQA/NQ_table_test_simple/00116.json,invalid_json,,,,,,,
SimpleQA/NQ_table_test_simple/00117.json,invalid_json,,,,,,,
SimpleQA/NQ_table_test_simple/00118.json,invalid_json,,,,,,,
SimpleQA/NQ_table_test_simple/00119.json,invalid_json,,,,,,,
SimpleQA/NQ_table_test_simple/00120.json,invalid_json,,,,,,,
SimpleQA/NQ_table_test_simple/00121.json,invalid_json,,,,,,,
SimpleQA/NQ_table_test_simple/00122.json,invalid_json,,,,,,,
SimpleQA/NQ_table_test_simple/00123.json,invalid_json,,,,,,,
SimpleQA/NQ_table_test_simple/00124.json,invalid_json,,,,,,,
SimpleQA/NQ_table_test_simple/00125.json,invalid_json,,,,,,,
SimpleQA/NQ_table_test_simple/00126.json,invalid_json,,,,,,,
SimpleQA/NQ_table_test_simple/00127.json,invalid_json,,,,,,,
SimpleQA/NQ_table_test_simple/00128.json,invalid_json,,,,,,,
SimpleQA/NQ_table_test_simple/00129.json,invalid_json,,,,,,,
SimpleQA/NQ_table_test_simple/00130.json,invalid_json,,,,,,,
SimpleQA/NQ_table_test_simple/00131.json,invalid_json,,,,,,,
SimpleQA/NQ_table_test_simple/00132.json,invalid_json,,,,,,,
SimpleQA/NQ_table_test_simple/00133.json,invalid_json,,,,,,,
SimpleQA/NQ_table_test_simple/00134.json,invalid_json,,,,,,,
SimpleQA/NQ_table_test_simple/00135.json,invalid_json,,,,,,,
SimpleQA/NQ_table_test_simple/00136.json,invalid_json,,,,,,,
SimpleQA/NQ_table_test_simple/00137.json,invalid_json,,,,,,,
SimpleQA/NQ_table_test_simple/00138.json,invalid_json,,,,,,,
SimpleQA/NQ_table_test_simple/00139.json,invalid_json,,,,,,,
SimpleQA/NQ_table_test_simple/00140.json,invalid_json,,,,,,,
SimpleQA/NQ_table_test_simple/00141.json,invalid_json,,,,,,,
SimpleQA/NQ_table_test_simple/00142.json,invalid_json,,,,,,,
SimpleQA/NQ_table_test_simple/00143.json,invalid_json,,,,,,,
SimpleQA/NQ_table_test_simple/00144.json,invalid_json,,,,,,,
SimpleQA/NQ_table_test_simple/00145.json,invalid_json,,,,,,,
SimpleQA/NQ_table_test_simple/00146.json,invalid_json,,,,,,,
SimpleQA/NQ_table_test_simple/00147.json,invalid_json,,,,,,,
SimpleQA/NQ_table_test_simple/00148.json,invalid_json,,,,,,,
SimpleQA/NQ_table_test_simple/00149.json,invalid_json,,,,,,,
SimpleQA/NQ_table_test_simple/00150.json,invalid_json,,,,,,,
SimpleQA/NQ_table_test_simple/00151.json,invalid_json,,,,,,,
SimpleQA/NQ_table_test_simple/00152.json,invalid_json,,,,,,,
SimpleQA/NQ_table_test_simple/00153.json,invalid_json,,,,,,,
SimpleQA/NQ_table_test_simple/00154.json,invalid_json,,,,,,,
SimpleQA/NQ_table_test_simple/00155.json,invalid_json,,,,,,,
SimpleQA/NQ_table_test_simple/00156.json,invalid_json,,,,,,,
SimpleQA/NQ_table_test_simple/00157.json,invalid_json,,,,,,,
SimpleQA/NQ_table_test_simple/00158.json,invalid_json,,,,,,,
SimpleQA/NQ_table_test_simple/00159.json,invalid_json,,,,,,,
SimpleQA/NQ_table_test_simple/00160.json,invalid_json,,,,,,,
SimpleQA/NQ_table_test_simple/00161.json,invalid_json,,,,,,,
SimpleQA/NQ_table_test_simple/00162.json,invalid_json,,,,,,,
SimpleQA/NQ_table_test_simple/00163.json,invalid_json,,,,,,,
SimpleQA/NQ_table_test_simple/00164.json,invalid_json,,,,,,,
SimpleQA/NQ_table_test_simple/00165.json,invalid_json,,,,,,,
SimpleQA/NQ_table_test_simple/00166.json,invalid_json,,,,,,,
SimpleQA/NQ_table_test_simple/00167.json,invalid_json,,,,,,,
SimpleQA/NQ_table_test_simple/00168.json,invalid_json,,,,,,,
SimpleQA/NQ_table_test_simple/00169.json,invalid_json,,,,,,,
SimpleQA/NQ_table_test_simple/00170.json,invalid_json,,,,,,,
SimpleQA/NQ_table_test_simple/00171.json,invalid_json,,,,,,,
SimpleQA/NQ_table_test_simple/00172.json,invalid_json,,,,,,,
SimpleQA/NQ_table_test_simple/00173.json,invalid_json,,,,,,,
SimpleQA/NQ_table_test_simple/00174.json,invalid_json,,,,,,,
SimpleQA/NQ_table_test_simple/00175.json,invalid_json,,,,,,,
SimpleQA/NQ_table_test_simple/00176.json,invalid_json,,,,,,,
SimpleQA/NQ_table_test_simple/00177.json,invalid_json,,,,,,,
SimpleQA/NQ_table_test_simple/00178.json,invalid_json,,,,,,,
SimpleQA/NQ_table_test_simple/00179.json,invalid_json,,,,,,,
SimpleQA/NQ_table_test_simple/00180.json,invalid_json,,,,,,,
SimpleQA/NQ_table_test_simple/00181.json,invalid_json,,,,,,,
SimpleQA/NQ_table_test_simple/00182.json,invalid_json,,,,,,,
SimpleQA/NQ_table_test_simple/00183.json,invalid_json,,,,,,,
SimpleQA/NQ_table_test_simple/00184.json,invalid_json,,,,,,,
SimpleQA/NQ_table_test_simple/00185.json,invalid_json,,,,,,,
SimpleQA/NQ_table_test_simple/00186.json,invalid_json,,,,,,,
SimpleQA/NQ_table_test_simple/00187.json,invalid_json,,,,,,,
SimpleQA/NQ_table_test_simple/00188.json,invalid_json,,,,,,,
SimpleQA/NQ_table_test_simple/00189.json,invalid_json,,,,,,,
SimpleQA/NQ_table_test_simple/00190.json,invalid_json,,,,,,,
SimpleQA/NQ_table_test_simple/00191.json,invalid_json,,,,,,,
SimpleQA/NQ_table_test_simple/00192.json,invalid_json,,,,,,,
SimpleQA/NQ_table_test_simple/00193.json,invalid_json,,,,,,,
SimpleQA/NQ_table_test_simple/00194.json,invalid_json,,,,,,,
SimpleQA/NQ_table_test_simple/00195.json,invalid_json,,,,,,,
SimpleQA/NQ_table_test_simple/00196.json,invalid_json,,,,,,,
SimpleQA/NQ_table_test_simple/00197.json,invalid_json,,,,,,,
SimpleQA/NQ_table_test_simple/00198.json,invalid_json,,,,,,,
SimpleQA/NQ_table_test_simple/00199.json,invalid_json,,,,,,,
SimpleQA/NQ_table_test_simple/00200.json,invalid_json,,,,,,,
SimpleQA/NQ_table_test_simple/00201.json,invalid_json,,,,,,,
SimpleQA/NQ_table_test_simple/00202.json,invalid_json,,,,,,,
SimpleQA/NQ_table_test_simple/00203.json,invalid_json,,,,,,,
SimpleQA/NQ_table_test_simple/00204.json,invalid_json,,,,,,,
SimpleQA/NQ_table_test_simple/00205.json,invalid_json,,,,,,,
SimpleQA/NQ_table_test_simple/00206.json,invalid_json,,,,,,,
SimpleQA/NQ_table_test_simple/00207.json,invalid_json,,,,,,,
SimpleQA/NQ_table_test_simple/00208.json,invalid_json,,,,,,,
SimpleQA/NQ_table_test_simple/00209.json,invalid_json,,,,,,,
SimpleQA/NQ_table_test_simple/00210.json,invalid_json,,,,,,,
SimpleQA/NQ_table_test_simple/00211.json,invalid_json,,,,,,,
SimpleQA/NQ_table_test_simple/00212.json,invalid_json,,,,,,,
SimpleQA/NQ_table_test_simple/00213.json,invalid_json,,,,,,,
SimpleQA/NQ_table_test_simple/00214.json,invalid_json,,,,,,,
SimpleQA/NQ_table_test_simple/00215.json,invalid_json,,,,,,,
SimpleQA/NQ_table_test_simple/00216.json,invalid_json,,,,,,,
SimpleQA/NQ_table_test_simple/00217.json,invalid_json,,,,,,,
SimpleQA/NQ_table_test_simple/00218.json,invalid_json,,,,,,,
SimpleQA/NQ_table_test_simple/00219.json,invalid_json,,,,,,,
SimpleQA/NQ_table_test_simple/00220.json,invalid_json,,,,,,,
SimpleQA/NQ_table_test_simple/00221.json,invalid_json,,,,,,,
SimpleQA/NQ_table_test_simple/00222.json,invalid_json,,,,,,,
SimpleQA/NQ_table_test_simple/00223.json,invalid_json,,,,,,,
SimpleQA/NQ_table_test_simple/00224.json,invalid_json,,,,,,,
SimpleQA/NQ_table_test_simple/00225.json,invalid_json,,,,,,,
SimpleQA/NQ_table_test_simple/00226.json,invalid_json,,,,,,,
SimpleQA/NQ_table_test_simple/00227.json,invalid_json,,,,,,,
SimpleQA/NQ_table_test_simple/00228.json,invalid_json,,,,,,,
SimpleQA/NQ_table_test_simple/00229.json,invalid_json,,,,,,,
SimpleQA/NQ_table_test_simple/00230.json,invalid_json,,,,,,,
SimpleQA/NQ_table_test_simple/00231.json,invalid_json,,,,,,,
SimpleQA/NQ_table_test_simple/00232.json,invalid_json,,,,,,,
SimpleQA/NQ_table_test_simple/00233.json,invalid_json,,,,,,,
SimpleQA/NQ_table_test_simple/00234.json,invalid_json,,,,,,,
SimpleQA/NQ_table_test_simple/00235.json,invalid_json,,,,,,,
SimpleQA/NQ_table_test_simple/00236.json,invalid_json,,,,,,,
SimpleQA/NQ_table_test_simple/00237.json,invalid_json,,,,,,,
SimpleQA/NQ_table_test_simple/00238.json,invalid_json,,,,,,,
SimpleQA/NQ_table_test_simple/00239.json,invalid_json,,,,,,,
SimpleQA/NQ_table_test_simple/00240.json,invalid_json,,,,,,,
SimpleQA/NQ_table_test_simple/00241.json,invalid_json,,,,,,,
SimpleQA/NQ_table_test_simple/00242.json,invalid_json,,,,,,,
SimpleQA/NQ_table_test_simple/00243.json,invalid_json,,,,,,,
SimpleQA/NQ_table_test_simple/00244.json,invalid_json,,,,,,,
SimpleQA/NQ_table_test_simple/00245.json,invalid_json,,,,,,,
SimpleQA/NQ_table_test_simple/00246.json,invalid_json,,,,,,,
SimpleQA/NQ_table_test_simple/00247.json,invalid_json,,,,,,,
SimpleQA/NQ_table_test_simple/00248.json,invalid_json,,,,,,,
SimpleQA/NQ_table_test_simple/00249.json,invalid_json,,,,,,,
SimpleQA/NQ_table_test_simple/00250.json,invalid_json,,,,,,,
SimpleQA/NQ_table_test_simple/00251.json,invalid_json,,,,,,,
SimpleQA/NQ_table_test_simple/00252.json,invalid_json,,,,,,,
SimpleQA/NQ_table_test_simple/00253.json,invalid_json,,,,,,,
SimpleQA/NQ_table_test_simple/00254.json,invalid_json,,,,,,,
SimpleQA/NQ_table_test_simple/00255.json,invalid_json,,,,,,,
SimpleQA/NQ_table_test_simple/00256.json,invalid_json,,,,,,,
SimpleQA/NQ_table_test_simple/00257.json,invalid_json,,,,,,,
SimpleQA/NQ_table_test_simple/00258.json,invalid_json,,,,,,,
SimpleQA/NQ_table_test_simple/00259.json,invalid_json,,,,,,,
SimpleQA/NQ_table_test_simple/00260.json,invalid_json,,,,,,,
SimpleQA/NQ_table_test_simple/00261.json,invalid_json,,,,,,,
SimpleQA/NQ_table_test_simple/00262.json,invalid_json,,,,,,,
SimpleQA/NQ_table_test_simple/00263.json,invalid_json,,,,,,,
SimpleQA/NQ_table_test_simple/00264.json,invalid_json,,,,,,,
SimpleQA/NQ_table_test_simple/00265.json,invalid_json,,,,,,,
SimpleQA/NQ_table_test_simple/00266.json,invalid_json,,,,,,,
SimpleQA/NQ_table_test_simple/00267.json,invalid_json,,,,,,,
SimpleQA/NQ_table_test_simple/00268.json,invalid_json,,,,,,,
SimpleQA/NQ_table_test_simple/00269.json,invalid_json,,,,,,,
SimpleQA/NQ_table_test_simple/00270.json,invalid_json,,,,,,,
SimpleQA/NQ_table_test_simple/00271.json,invalid_json,,,,,,,
SimpleQA/NQ_table_test_simple/00272.json,invalid_json,,,,,,,
SimpleQA/NQ_table_test_simple/00273.json,invalid_json,,,,,,,
SimpleQA/NQ_table_test_simple/00274.json,invalid_json,,,,,,,
SimpleQA/NQ_table_test_simple/00275.json,invalid_json,,,,,,,
SimpleQA/NQ_table_test_simple/00276.json,invalid_json,,,,,,,
SimpleQA/NQ_table_test_simple/00277.json,invalid_json,,,,,,,
SimpleQA/NQ_table_test_simple/00278.json,invalid_json,,,,,,,
SimpleQA/NQ_table_test_simple/00279.json,invalid_json,,,,,,,
SimpleQA/NQ_table_test_simple/00280.json,invalid_json,,,,,,,
SimpleQA/NQ_table_test_simple/00281.json,invalid_json,,,,,,,
SimpleQA/NQ_table_test_simple/00282.json,invalid_json,,,,,,,
SimpleQA/NQ_table_test_simple/00283.json,invalid_json,,,,,,,
SimpleQA/NQ_table_test_simple/00284.json,invalid_json,,,,,,,
SimpleQA/NQ_table_test_simple/00285.json,invalid_json,,,,,,,
SimpleQA/NQ_table_test_simple/00286.json,invalid_json,,,,,,,
SimpleQA/NQ_table_test_simple/00287.json,invalid_json,,,,,,,
SimpleQA/NQ_table_test_simple/00288.json,invalid_json,,,,,,,
SimpleQA/NQ_table_test_simple/00289.json,invalid_json,,,,,,,
SimpleQA/NQ_table_test_simple/00290.json,invalid_json,,,,,,,
SimpleQA/NQ_table_test_simple/00291.json,invalid_json,,,,,,,
SimpleQA/NQ_table_test_simple/00292.json,invalid_json,,,,,,,
SimpleQA/NQ_table_test_simple/00293.json,invalid_json,,,,,,,
SimpleQA/NQ_table_test_simple/00294.json,invalid_json,,,,,,,
SimpleQA/NQ_table_test_simple/00295.json,invalid_json,,,,,,,
SimpleQA/NQ_table_test_simple/00296.json,invalid_json,,,,,,,
SimpleQA/NQ_table_test_simple/00297.json,invalid_json,,,,,,,
SimpleQA/NQ_table_test_simple/00298.json,invalid_json,,,,,,,
SimpleQA/NQ_table_test_simple/00299.json,invalid_json,,,,,,,
SimpleQA/NQ_table_test_simple/00300.json,invalid_json,,,,,,,
SimpleQA/NQ_table_test_simple/00301.json,invalid_json,,,,,,,
SimpleQA/NQ_table_test_simple/00302.json,invalid_json,,,,,,,
SimpleQA/NQ_table_test_simple/00303.json,invalid_json,,,,,,,
SimpleQA/NQ_table_test_simple/00304.json,invalid_json,,,,,,,
SimpleQA/NQ_table_test_simple/00305.json,invalid_json,,,,,,,
SimpleQA/NQ_table_test_simple/00306.json,invalid_json,,,,,,,
SimpleQA/NQ_table_test_simple/00307.json,invalid_json,,,,,,,
SimpleQA/NQ_table_test_simple/00308.json,invalid_json,,,,,,,
SimpleQA/NQ_table_test_simple/00309.json,invalid_json,,,,,,,
SimpleQA/NQ_table_test_simple/00310.json,invalid_json,,,,,,,
SimpleQA/NQ_table_test_simple/00311.json,invalid_json,,,,,,,
SimpleQA/NQ_table_test_simple/00312.json,invalid_json,,,,,,,
SimpleQA/NQ_table_test_simple/00313.json,invalid_json,,,,,,,
SimpleQA/NQ_table_test_simple/00314.json,invalid_json,,,,,,,
SimpleQA/NQ_table_test_simple/00315.json,invalid_json,,,,,,,
SimpleQA/NQ_table_test_simple/00316.json,invalid_json,,,,,,,
SimpleQA/NQ_table_test_simple/00317.json,invalid_json,,,,,,,
SimpleQA/NQ_table_test_simple/00318.json,invalid_json,,,,,,,
SimpleQA/NQ_table_test_simple/00319.json,invalid_json,,,,,,,
SimpleQA/NQ_table_test_simple/00320.json,invalid_json,,,,,,,
SimpleQA/NQ_table_test_simple/00321.json,invalid_json,,,,,,,
SimpleQA/NQ_table_test_simple/00322.json,invalid_json,,,,,,,
SimpleQA/NQ_table_test_simple/00323.json,invalid_json,,,,,,,
SimpleQA/NQ_table_test_simple/00324.json,invalid_json,,,,,,,
SimpleQA/NQ_table_test_simple/00325.json,invalid_json,,,,,,,
SimpleQA/NQ_table_test_simple/00326.json,invalid_json,,,,,,,
SimpleQA/NQ_table_test_simple/00327.json,invalid_json,,,,,,,
SimpleQA/NQ_table_test_simple/00328.json,invalid_json,,,,,,,
SimpleQA/NQ_table_test_simple/00329.json,invalid_json,,,,,,,
SimpleQA/NQ_table_test_simple/00330.json,invalid_json,,,,,,,
SimpleQA/NQ_table_test_simple/00331.json,invalid_json,,,,,,,
SimpleQA/NQ_table_test_simple/00332.json,invalid_json,,,,,,,
SimpleQA/NQ_table_test_simple/00333.json,invalid_json,,,,,,,
SimpleQA/NQ_table_test_simple/00334.json,invalid_json,,,,,,,
SimpleQA/NQ_table_test_simple/00335.json,invalid_json,,,,,,,
SimpleQA/NQ_table_test_simple/00336.json,invalid_json,,,,,,,
SimpleQA/NQ_table_test_simple/00337.json,invalid_json,,,,,,,
SimpleQA/NQ_table_test_simple/00338.json,invalid_json,,,,,,,
SimpleQA/NQ_table_test_simple/00339.json,invalid_json,,,,,,,
SimpleQA/NQ_table_test_simple/00340.json,invalid_json,,,,,,,
SimpleQA/NQ_table_test_simple/00341.json,invalid_json,,,,,,,
SimpleQA/NQ_table_test_simple/00342.json,invalid_json,,,,,,,
SimpleQA/NQ_table_test_simple/00343.json,invalid_json,,,,,,,
SimpleQA/NQ_table_test_simple/00344.json,invalid_json,,,,,,,
SimpleQA/NQ_table_test_simple/00345.json,invalid_json,,,,,,,
SimpleQA/NQ_table_test_simple/00346.json,invalid_json,,,,,,,
SimpleQA/NQ_table_test_simple/00347.json,invalid_json,,,,,,,
SimpleQA/NQ_table_test_simple/00348.json,invalid_json,,,,,,,
SimpleQA/NQ_table_test_simple/00349.json,invalid_json,,,,,,,
SimpleQA/NQ_table_test_simple/00350.json,invalid_json,,,,,,,
SimpleQA/NQ_table_test_simple/00351.json,invalid_json,,,,,,,
SimpleQA/NQ_table_test_simple/00352.json,invalid_json,,,,,,,
SimpleQA/NQ_table_test_simple/00353.json,invalid_json,,,,,,,
SimpleQA/NQ_table_test_simple/00354.json,invalid_json,,,,,,,
SimpleQA/NQ_table_test_simple/00355.json,invalid_json,,,,,,,
SimpleQA/NQ_table_test_simple/00356.json,invalid_json,,,,,,,
SimpleQA/NQ_table_test_simple/00357.json,invalid_json,,,,,,,
SimpleQA/NQ_table_test_simple/00358.json,invalid_json,,,,,,,
SimpleQA/NQ_table_test_simple/00359.json,invalid_json,,,,,,,
SimpleQA/NQ_table_test_simple/00360.json,invalid_json,,,,,,,
SimpleQA/NQ_table_test_simple/00361.json,invalid_json,,,,,,,
SimpleQA/NQ_table_test_simple/00362.json,invalid_json,,,,,,,
SimpleQA/NQ_table_test_simple/00363.json,invalid_json,,,,,,,
SimpleQA/NQ_table_test_simple/00364.json,invalid_json,,,,,,,
SimpleQA/NQ_table_test_simple/00365.json,invalid_json,,,,,,,
SimpleQA/NQ_table_test_simple/00366.json,invalid_json,,,,,,,
SimpleQA/NQ_table_test_simple/00367.json,invalid_json,,,,,,,
SimpleQA/NQ_table_test_simple/00368.json,invalid_json,,,,,,,
SimpleQA/NQ_table_test_simple/00369.json,invalid_json,,,,,,,
SimpleQA/NQ_table_test_simple/00370.json,invalid_json,,,,,,,
SimpleQA/NQ_table_test_simple/00371.json,invalid_json,,,,,,,
SimpleQA/NQ_table_test_simple/00372.json,invalid_json,,,,,,,
SimpleQA/NQ_table_test_simple/00373.json,invalid_json,,,,,,,
SimpleQA/NQ_table_test_simple/00374.json,invalid_json,,,,,,,
SimpleQA/NQ_table_test_simple/00375.json,invalid_json,,,,,,,
SimpleQA/NQ_table_test_simple/00376.json,invalid_json,,,,,,,
SimpleQA/NQ_table_test_simple/00377.json,invalid_json,,,,,,,
SimpleQA/NQ_table_test_simple/00378.json,invalid_json,,,,,,,
SimpleQA/NQ_table_test_simple/00379.json,invalid_json,,,,,,,
SimpleQA/NQ_table_test_simple/00380.json,invalid_json,,,,,,,
SimpleQA/NQ_table_test_simple/00381.json,invalid_json,,,,,,,
SimpleQA/NQ_table_test_simple/00382.json,invalid_json,,,,,,,
SimpleQA/NQ_table_test_simple/00383.json,invalid_json,,,,,,,
SimpleQA/NQ_table_test_simple/00384.json,invalid_json,,,,,,,
SimpleQA/NQ_table_test_simple/00385.json,invalid_json,,,,,,,
SimpleQA/NQ_table_test_simple/00386.json,invalid_json,,,,,,,
SimpleQA/NQ_table_test_simple/00387.json,invalid_json,,,,,,,
SimpleQA/NQ_table_test_simple/00388.json,invalid_json,,,,,,,
SimpleQA/NQ_table_test_simple/00389.json,invalid_json,,,,,,,
SimpleQA/NQ_table_test_simple/00390.json,invalid_json,,,,,,,
SimpleQA/NQ_table_test_simple/00391.json,invalid_json,,,,,,,
SimpleQA/NQ_table_test_simple/00392.json,invalid_json,,,,,,,
SimpleQA/NQ_table_test_simple/00393.json,invalid_json,,,,,,,
SimpleQA/NQ_table_test_simple/00394.json,invalid_json,,,,,,,
SimpleQA/NQ_table_test_simple/00395.json,invalid_json,,,,,,,
SimpleQA/NQ_table_test_simple/00396.json,invalid_json,,,,,,,
SimpleQA/NQ_table_test_simple/00397.json,invalid_json,,,,,,,
SimpleQA/NQ_table_test_simple/00398.json,invalid_json,,,,,,,
SimpleQA/NQ_table_test_simple/00399.json,invalid_json,,,,,,,
SimpleQA/NQ_table_test_simple/00400.json,invalid_json,,,,,,,
SimpleQA/NQ_table_test_simple/00401.json,invalid_json,,,,,,,
SimpleQA/NQ_table_test_simple/00402.json,invalid_json,,,,,,,
SimpleQA/NQ_table_test_simple/00403.json,invalid_json,,,,,,,
SimpleQA/NQ_table_test_simple/00404.json,invalid_json,,,,,,,
SimpleQA/NQ_table_test_simple/00405.json,invalid_json,,,,,,,
SimpleQA/NQ_table_test_simple/00406.json,invalid_json,,,,,,,
SimpleQA/NQ_table_test_simple/00407.json,invalid_json,,,,,,,
SimpleQA/NQ_table_test_simple/00408.json,invalid_json,,,,,,,
SimpleQA/NQ_table_test_simple/00409.json,invalid_json,,,,,,,
SimpleQA/NQ_table_test_simple/00410.json,invalid_json,,,,,,,
SimpleQA/NQ_table_test_simple/00411.json,invalid_json,,,,,,,
SimpleQA/NQ_table_test_simple/00412.json,invalid_json,,,,,,,
SimpleQA/NQ_table_test_simple/00413.json,invalid_json,,,,,,,
SimpleQA/NQ_table_test_simple/00414.json,invalid_json,,,,,,,
SimpleQA/NQ_table_test_simple/00415.json,invalid_json,,,,,,,
SimpleQA/NQ_table_test_simple/00416.json,invalid_json,,,,,,,
SimpleQA/NQ_table_test_simple/00417.json,invalid_json,,,,,,,
SimpleQA/NQ_table_test_simple/00418.json,invalid_json,,,,,,,
SimpleQA/NQ_table_test_simple/00419.json,invalid_json,,,,,,,
SimpleQA/NQ_table_test_simple/00420.json,invalid_json,,,,,,,
SimpleQA/NQ_table_test_simple/00421.json,invalid_json,,,,,,,
SimpleQA/NQ_table_test_simple/00422.json,invalid_json,,,,,,,
SimpleQA/NQ_table_test_simple/00423.json,invalid_json,,,,,,,
SimpleQA/NQ_table_test_simple/00424.json,invalid_json,,,,,,,
SimpleQA/NQ_table_test_simple/00425.json,invalid_json,,,,,,,
SimpleQA/NQ_table_test_simple/00426.json,invalid_json,,,,,,,
SimpleQA/NQ_table_test_simple/00427.json,invalid_json,,,,,,,
SimpleQA/NQ_table_test_simple/00428.json,invalid_json,,,,,,,
SimpleQA/NQ_table_test_simple/00429.json,invalid_json,,,,,,,
SimpleQA/NQ_table_test_simple/00430.json,invalid_json,,,,,,,
SimpleQA/NQ_table_test_simple/00431.json,invalid_json,,,,,,,
SimpleQA/NQ_table_test_simple/00432.json,invalid_json,,,,,,,
SimpleQA/NQ_table_test_simple/00433.json,invalid_json,,,,,,,
SimpleQA/NQ_table_test_simple/00434.json,invalid_json,,,,,,,
SimpleQA/NQ_table_test_simple/00435.json,invalid_json,,,,,,,
SimpleQA/NQ_table_test_simple/00436.json,invalid_json,,,,,,,
SimpleQA/NQ_table_test_simple/00437.json,invalid_json,,,,,,,
SimpleQA/NQ_table_test_simple/00438.json,invalid_json,,,,,,,
SimpleQA/NQ_table_test_simple/00439.json,invalid_json,,,,,,,
SimpleQA/NQ_table_test_simple/00440.json,invalid_json,,,,,,,
SimpleQA/NQ_table_test_simple/00441.json,invalid_json,,,,,,,
SimpleQA/NQ_table_test_simple/00442.json,invalid_json,,,,,,,
SimpleQA/NQ_table_test_simple/00443.json,invalid_json,,,,,,,
SimpleQA/NQ_table_test_simple/00444.json,invalid_json,,,,,,,
SimpleQA/NQ_table_test_simple/00445.json,invalid_json,,,,,,,
SimpleQA/NQ_table_test_simple/00446.json,invalid_json,,,,,,,
SimpleQA/NQ_table_test_simple/00447.json,invalid_json,,,,,,,
SimpleQA/NQ_table_test_simple/00448.json,invalid_json,,,,,,,
SimpleQA/NQ_table_test_simple/00449.json,invalid_json,,,,,,,
SimpleQA/NQ_table_test_simple/00450.json,invalid_json,,,,,,,
SimpleQA/NQ_table_test_simple/00451.json,invalid_json,,,,,,,
SimpleQA/NQ_table_test_simple/00452.json,invalid_json,,,,,,,
SimpleQA/NQ_table_test_simple/00453.json,invalid_json,,,,,,,
SimpleQA/NQ_table_test_simple/00454.json,invalid_json,,,,,,,
SimpleQA/NQ_table_test_simple/00455.json,invalid_json,,,,,,,
SimpleQA/NQ_table_test_simple/00456.json,invalid_json,,,,,,,
SimpleQA/NQ_table_test_simple/00457.json,invalid_json,,,,,,,
SimpleQA/NQ_table_test_simple/00458.json,invalid_json,,,,,,,
SimpleQA/NQ_table_test_simple/00459.json,invalid_json,,,,,,,
SimpleQA/NQ_table_test_simple/00460.json,invalid_json,,,,,,,
SimpleQA/NQ_table_test_simple/00461.json,invalid_json,,,,,,,
SimpleQA/NQ_table_test_simple/00462.json,invalid_json,,,,,,,
SimpleQA/NQ_table_test_simple/00463.json,invalid_json,,,,,,,
SimpleQA/NQ_table_test_simple/00464.json,invalid_json,,,,,,,
SimpleQA/NQ_table_test_simple/00465.json,invalid_json,,,,,,,
SimpleQA/NQ_table_test_simple/00466.json,invalid_json,,,,,,,
SimpleQA/NQ_table_test_simple/00467.json,invalid_json,,,,,,,
SimpleQA/NQ_table_test_simple/00468.json,invalid_json,,,,,,,
SimpleQA/NQ_table_test_simple/00469.json,invalid_json,,,,,,,
SimpleQA/NQ_table_test_simple/00470.json,invalid_json,,,,,,,
SimpleQA/NQ_table_test_simple/00471.json,invalid_json,,,,,,,
SimpleQA/NQ_table_test_simple/00472.json,invalid_json,,,,,,,
SimpleQA/NQ_table_test_simple/00473.json,invalid_json,,,,,,,
SimpleQA/NQ_table_test_simple/00474.json,invalid_json,,,,,,,
SimpleQA/NQ_table_test_simple/00475.json,invalid_json,,,,,,,
SimpleQA/NQ_table_test_simple/00476.json,invalid_json,,,,,,,
SimpleQA/NQ_table_test_simple/00477.json,invalid_json,,,,,,,
SimpleQA/NQ_table_test_simple/00478.json,invalid_json,,,,,,,
SimpleQA/NQ_table_test_simple/00479.json,invalid_json,,,,,,,
SimpleQA/NQ_table_test_simple/00480.json,invalid_json,,,,,,,
SimpleQA/NQ_table_test_simple/00481.json,invalid_json,,,,,,,
SimpleQA/NQ_table_test_simple/00482.json,invalid_json,,,,,,,
SimpleQA/NQ_table_test_simple/00483.json,invalid_json,,,,,,,
SimpleQA/NQ_table_test_simple/00484.json,invalid_json,,,,,,,
SimpleQA/NQ_table_test_simple/00485.json,invalid_json,,,,,,,
SimpleQA/NQ_table_test_simple/00486.json,invalid_json,,,,,,,
SimpleQA/NQ_table_test_simple/00487.json,invalid_json,,,,,,,
SimpleQA/NQ_table_test_simple/00488.json,invalid_json,,,,,,,
SimpleQA/NQ_table_test_simple/00489.json,invalid_json,,,,,,,
SimpleQA/NQ_table_test_simple/00490.json,invalid_json,,,,,,,
SimpleQA/NQ_table_test_simple/00491.json,invalid_json,,,,,,,
SimpleQA/NQ_table_test_simple/00492.json,invalid_json,,,,,,,
SimpleQA/NQ_table_test_simple/00493.json,invalid_json,,,,,,,
SimpleQA/NQ_table_test_simple/00494.json,invalid_json,,,,,,,
SimpleQA/NQ_table_test_simple/00495.json,invalid_json,,,,,,,
SimpleQA/NQ_table_test_simple/00496.json,invalid_json,,,,,,,
SimpleQA/NQ_table_test_simple/00497.json,invalid_json,,,,,,,
SimpleQA/NQ_table_test_simple/00498.json,invalid_json,,,,,,,
SimpleQA/NQ_table_test_simple/00499.json,invalid_json,,,,,,,
SimpleQA/NQ_table_test_simple/00500.json,invalid_json,,,,,,,
SimpleQA/NQ_table_test_simple/00501.json,invalid_json,,,,,,,
SimpleQA/NQ_table_test_simple/00502.json,invalid_json,,,,,,,
SimpleQA/NQ_table_test_simple/00503.json,invalid_json,,,,,,,
SimpleQA/NQ_table_test_simple/00504.json,invalid_json,,,,,,,
SimpleQA/NQ_table_test_simple/00505.json,invalid_json,,,,,,,
SimpleQA/NQ_table_test_simple/00506.json,invalid_json,,,,,,,
SimpleQA/NQ_table_test_simple/00507.json,invalid_json,,,,,,,
SimpleQA/NQ_table_test_simple/00508.json,invalid_json,,,,,,,
SimpleQA/NQ_table_test_simple/00509.json,invalid_json,,,,,,,
SimpleQA/NQ_table_test_simple/00510.json,invalid_json,,,,,,,
SimpleQA/NQ_table_test_simple/00511.json,invalid_json,,,,,,,
SimpleQA/NQ_table_test_simple/00512.json,invalid_json,,,,,,,
SimpleQA/NQ_table_test_simple/00513.json,invalid_json,,,,,,,
SimpleQA/NQ_table_test_simple/00514.json,invalid_json,,,,,,,
SimpleQA/NQ_table_test_simple/00515.json,invalid_json,,,,,,,
SimpleQA/NQ_table_test_simple/00516.json,invalid_json,,,,,,,
SimpleQA/NQ_table_test_simple/00517.json,invalid_json,,,,,,,
SimpleQA/NQ_table_test_simple/00518.json,invalid_json,,,,,,,
SimpleQA/NQ_table_test_simple/00519.json,invalid_json,,,,,,,
SimpleQA/NQ_table_test_simple/00520.json,invalid_json,,,,,,,
SimpleQA/NQ_table_test_simple/00521.json,invalid_json,,,,,,,
SimpleQA/NQ_table_test_simple/00522.json,invalid_json,,,,,,,
SimpleQA/NQ_table_test_simple/00523.json,invalid_json,,,,,,,
SimpleQA/NQ_table_test_simple/00524.json,invalid_json,,,,,,,
SimpleQA/NQ_table_test_simple/00525.json,invalid_json,,,,,,,
SimpleQA/NQ_table_test_simple/00526.json,invalid_json,,,,,,,
SimpleQA/NQ_table_test_simple/00527.json,invalid_json,,,,,,,
SimpleQA/NQ_table_test_simple/00528.json,invalid_json,,,,,,,
SimpleQA/NQ_table_test_simple/00529.json,invalid_json,,,,,,,
SimpleQA/NQ_table_test_simple/00530.json,invalid_json,,,,,,,
SimpleQA/NQ_table_test_simple/00531.json,invalid_json,,,,,,,
SimpleQA/NQ_table_test_simple/00532.json,invalid_json,,,,,,,
SimpleQA/NQ_table_test_simple/00533.json,invalid_json,,,,,,,
SimpleQA/NQ_table_test_simple/00534.json,invalid_json,,,,,,,
SimpleQA/NQ_table_test_simple/00535.json,invalid_json,,,,,,,
SimpleQA/NQ_table_test_simple/00536.json,invalid_json,,,,,,,
SimpleQA/NQ_table_test_simple/00537.json,invalid_json,,,,,,,
SimpleQA/NQ_table_test_simple/00538.json,invalid_json,,,,,,,
SimpleQA/NQ_table_test_simple/00539.json,invalid_json,,,,,,,
SimpleQA/NQ_table_test_simple/00540.json,invalid_json,,,,,,,
SimpleQA/NQ_table_test_simple/00541.json,invalid_json,,,,,,,
SimpleQA/NQ_table_test_simple/00542.json,invalid_json,,,,,,,
SimpleQA/NQ_table_test_simple/00543.json,invalid_json,,,,,,,
SimpleQA/NQ_table_test_simple/00544.json,invalid_json,,,,,,,
SimpleQA/NQ_table_test_simple/00545.json,invalid_json,,,,,,,
SimpleQA/NQ_table_test_simple/00546.json,invalid_json,,,,,,,
SimpleQA/NQ_table_test_simple/00547.json,invalid_json,,,,,,,
SimpleQA/NQ_table_test_simple/00548.json,invalid_json,,,,,,,
SimpleQA/NQ_table_test_simple/00549.json,invalid_json,,,,,,,
SimpleQA/NQ_table_test_simple/00550.json,invalid_json,,,,,,,
SimpleQA/NQ_table_test_simple/00551.json,invalid_json,,,,,,,
SimpleQA/NQ_table_test_simple/00552.json,invalid_json,,,,,,,
SimpleQA/NQ_table_test_simple/00553.json,invalid_json,,,,,,,
SimpleQA/NQ_table_test_simple/00554.json,invalid_json,,,,,,,
SimpleQA/NQ_table_test_simple/00555.json,invalid_json,,,,,,,
SimpleQA/NQ_table_test_simple/00556.json,invalid_json,,,,,,,
SimpleQA/NQ_table_test_simple/00557.json,invalid_json,,,,,,,
SimpleQA/NQ_table_test_simple/00558.json,invalid_json,,,,,,,
SimpleQA/NQ_table_test_simple/00559.json,invalid_json,,,,,,,
SimpleQA/NQ_table_test_simple/00560.json,invalid_json,,,,,,,
SimpleQA/NQ_table_test_simple/00561.json,invalid_json,,,,,,,
SimpleQA/NQ_table_test_simple/00562.json,invalid_json,,,,,,,
SimpleQA/NQ_table_test_simple/00563.json,invalid_json,,,,,,,
SimpleQA/NQ_table_test_simple/00564.json,invalid_json,,,,,,,
SimpleQA/NQ_table_test_simple/00565.json,invalid_json,,,,,,,
SimpleQA/NQ_table_test_simple/00566.json,invalid_json,,,,,,,
SimpleQA/NQ_table_test_simple/00567.json,invalid_json,,,,,,,
SimpleQA/NQ_table_test_simple/00568.json,invalid_json,,,,,,,
SimpleQA/NQ_table_test_simple/00569.json,invalid_json,,,,,,,
SimpleQA/NQ_table_test_simple/00570.json,invalid_json,,,,,,,
SimpleQA/NQ_table_test_simple/00571.json,invalid_json,,,,,,,
SimpleQA/NQ_table_test_simple/00572.json,invalid_json,,,,,,,
SimpleQA/NQ_table_test_simple/00573.json,invalid_json,,,,,,,
SimpleQA/NQ_table_test_simple/00574.json,invalid_json,,,,,,,
SimpleQA/NQ_table_test_simple/00575.json,invalid_json,,,,,,,
SimpleQA/NQ_table_test_simple/00576.json,invalid_json,,,,,,,
SimpleQA/NQ_table_test_simple/00577.json,invalid_json,,,,,,,
SimpleQA/NQ_table_test_simple/00578.json,invalid_json,,,,,,,
SimpleQA/NQ_table_test_simple/00579.json,invalid_json,,,,,,,
SimpleQA/NQ_table_test_simple/00580.json,invalid_json,,,,,,,
SimpleQA/NQ_table_test_simple/00581.json,invalid_json,,,,,,,
SimpleQA/NQ_table_test_simple/00582.json,invalid_json,,,,,,,
SimpleQA/NQ_table_test_simple/00583.json,invalid_json,,,,,,,
SimpleQA/NQ_table_test_simple/00584.json,invalid_json,,,,,,,
SimpleQA/NQ_table_test_simple/00585.json,invalid_json,,,,,,,
SimpleQA/NQ_table_test_simple/00586.json,invalid_json,,,,,,,
SimpleQA/NQ_table_test_simple/00587.json,invalid_json,,,,,,,
SimpleQA/NQ_table_test_simple/00588.json,invalid_json,,,,,,,
SimpleQA/NQ_table_test_simple/00589.json,invalid_json,,,,,,,
SimpleQA/NQ_table_test_simple/00590.json,invalid_json,,,,,,,
SimpleQA/NQ_table_test_simple/00591.json,invalid_json,,,,,,,
SimpleQA/NQ_table_test_simple/00592.json,invalid_json,,,,,,,
SimpleQA/NQ_table_test_simple/00593.json,invalid_json,,,,,,,
SimpleQA/NQ_table_test_simple/00594.json,invalid_json,,,,,,,
SimpleQA/NQ_table_test_simple/00595.json,invalid_json,,,,,,,
SimpleQA/NQ_table_test_simple/00596.json,invalid_json,,,,,,,
SimpleQA/NQ_table_test_simple/00597.json,invalid_json,,,,,,,
SimpleQA/NQ_table_test_simple/00598.json,invalid_json,,,,,,,
SimpleQA/NQ_table_test_simple/00599.json,invalid_json,,,,,,,
SimpleQA/NQ_table_test_simple/00600.json,invalid_json,,,,,,,
SimpleQA/NQ_table_test_simple/00601.json,invalid_json,,,,,,,
SimpleQA/NQ_table_test_simple/00602.json,invalid_json,,,,,,,
SimpleQA/NQ_table_test_simple/00603.json,invalid_json,,,,,,,
SimpleQA/NQ_table_test_simple/00604.json,invalid_json,,,,,,,
SimpleQA/NQ_table_test_simple/00605.json,invalid_json,,,,,,,
SimpleQA/NQ_table_test_simple/00606.json,invalid_json,,,,,,,
SimpleQA/NQ_table_test_simple/00607.json,invalid_json,,,,,,,
SimpleQA/NQ_table_test_simple/00608.json,invalid_json,,,,,,,
SimpleQA/NQ_table_test_simple/00609.json,invalid_json,,,,,,,
SimpleQA/NQ_table_test_simple/00610.json,invalid_json,,,,,,,
SimpleQA/NQ_table_test_simple/00611.json,invalid_json,,,,,,,
SimpleQA/NQ_table_test_simple/00612.json,invalid_json,,,,,,,
SimpleQA/NQ_table_test_simple/00613.json,invalid_json,,,,,,,
SimpleQA/NQ_table_test_simple/00614.json,invalid_json,,,,,,,
SimpleQA/NQ_table_test_simple/00615.json,invalid_json,,,,,,,
SimpleQA/NQ_table_test_simple/00616.json,invalid_json,,,,,,,
SimpleQA/NQ_table_test_simple/00617.json,invalid_json,,,,,,,
SimpleQA/NQ_table_test_simple/00618.json,invalid_json,,,,,,,
SimpleQA/NQ_table_test_simple/00619.json,invalid_json,,,,,,,
SimpleQA/NQ_table_test_simple/00620.json,invalid_json,,,,,,,
SimpleQA/NQ_table_test_simple/00621.json,invalid_json,,,,,,,
SimpleQA/NQ_table_test_simple/00622.json,invalid_json,,,,,,,
SimpleQA/NQ_table_test_simple/00623.json,invalid_json,,,,,,,
SimpleQA/NQ_table_test_simple/00624.json,invalid_json,,,,,,,
SimpleQA/NQ_table_test_simple/00625.json,invalid_json,,,,,,,
SimpleQA/NQ_table_test_simple/00626.json,invalid_json,,,,,,,
SimpleQA/NQ_table_test_simple/00627.json,invalid_json,,,,,,,
SimpleQA/NQ_table_test_simple/00628.json,invalid_json,,,,,,,
SimpleQA/NQ_table_test_simple/00629.json,invalid_json,,,,,,,
SimpleQA/NQ_table_test_simple/00630.json,invalid_json,,,,,,,
SimpleQA/NQ_table_test_simple/00631.json,invalid_json,,,,,,,
SimpleQA/NQ_table_test_simple/00632.json,invalid_json,,,,,,,
SimpleQA/NQ_table_test_simple/00633.json,invalid_json,,,,,,,
SimpleQA/NQ_table_test_simple/00634.json,invalid_json,,,,,,,
SimpleQA/NQ_table_test_simple/00635.json,invalid_json,,,,,,,
SimpleQA/NQ_table_test_simple/00636.json,invalid_json,,,,,,,
SimpleQA/NQ_table_test_simple/00637.json,invalid_json,,,,,,,
SimpleQA/NQ_table_test_simple/00638.json,invalid_json,,,,,,,
SimpleQA/NQ_table_test_simple/00639.json,invalid_json,,,,,,,
SimpleQA/NQ_table_test_simple/00640.json,invalid_json,,,,,,,
SimpleQA/NQ_table_test_simple/00641.json,invalid_json,,,,,,,
SimpleQA/NQ_table_test_simple/00642.json,invalid_json,,,,,,,
SimpleQA/NQ_table_test_simple/00643.json,invalid_json,,,,,,,
SimpleQA/NQ_table_test_simple/00644.json,invalid_json,,,,,,,
SimpleQA/NQ_table_test_simple/00645.json,invalid_json,,,,,,,
SimpleQA/NQ_table_test_simple/00646.json,invalid_json,,,,,,,
SimpleQA/NQ_table_test_simple/00647.json,invalid_json,,,,,,,
SimpleQA/NQ_table_test_simple/00648.json,invalid_json,,,,,,,
SimpleQA/NQ_table_test_simple/00649.json,invalid_json,,,,,,,
SimpleQA/NQ_table_test_simple/00650.json,invalid_json,,,,,,,
SimpleQA/NQ_table_test_simple/00651.json,invalid_json,,,,,,,
SimpleQA/NQ_table_test_simple/00652.json,invalid_json,,,,,,,
SimpleQA/NQ_table_test_simple/00653.json,invalid_json,,,,,,,
SimpleQA/NQ_table_test_simple/00654.json,invalid_json,,,,,,,
SimpleQA/NQ_table_test_simple/00655.json,invalid_json,,,,,,,
SimpleQA/NQ_table_test_simple/00656.json,invalid_json,,,,,,,
SimpleQA/NQ_table_test_simple/00657.json,invalid_json,,,,,,,
SimpleQA/NQ_table_test_simple/00658.json,invalid_json,,,,,,,
SimpleQA/NQ_table_test_simple/00659.json,invalid_json,,,,,,,
SimpleQA/NQ_table_test_simple/00660.json,invalid_json,,,,,,,
SimpleQA/NQ_table_test_simple/00661.json,invalid_json,,,,,,,
SimpleQA/NQ_table_test_simple/00662.json,invalid_json,,,,,,,
SimpleQA/NQ_table_test_simple/00663.json,invalid_json,,,,,,,
SimpleQA/NQ_table_test_simple/00664.json,invalid_json,,,,,,,
SimpleQA/NQ_table_test_simple/00665.json,invalid_json,,,,,,,
SimpleQA/NQ_table_test_simple/00666.json,invalid_json,,,,,,,
SimpleQA/NQ_table_test_simple/00667.json,invalid_json,,,,,,,
SimpleQA/NQ_table_test_simple/00668.json,invalid_json,,,,,,,
SimpleQA/NQ_table_test_simple/00669.json,invalid_json,,,,,,,
SimpleQA/NQ_table_test_simple/00670.json,invalid_json,,,,,,,
SimpleQA/NQ_table_test_simple/00671.json,invalid_json,,,,,,,
SimpleQA/NQ_table_test_simple/00672.json,invalid_json,,,,,,,
SimpleQA/NQ_table_test_simple/00673.json,invalid_json,,,,,,,
SimpleQA/NQ_table_test_simple/00674.json,invalid_json,,,,,,,
SimpleQA/NQ_table_test_simple/00675.json,invalid_json,,,,,,,
SimpleQA/NQ_table_test_simple/00676.json,invalid_json,,,,,,,
SimpleQA/NQ_table_test_simple/00677.json,invalid_json,,,,,,,
SimpleQA/NQ_table_test_simple/00678.json,invalid_json,,,,,,,
SimpleQA/NQ_table_test_simple/00679.json,invalid_json,,,,,,,
SimpleQA/NQ_table_test_simple/00680.json,invalid_json,,,,,,,
SimpleQA/NQ_table_test_simple/00681.json,invalid_json,,,,,,,
SimpleQA/NQ_table_test_simple/00682.json,invalid_json,,,,,,,
SimpleQA/NQ_table_test_simple/00683.json,invalid_json,,,,,,,
SimpleQA/NQ_table_test_simple/00684.json,invalid_json,,,,,,,
SimpleQA/NQ_table_test_simple/00685.json,invalid_json,,,,,,,
SimpleQA/NQ_table_test_simple/00686.json,invalid_json,,,,,,,
SimpleQA/NQ_table_test_simple/00687.json,invalid_json,,,,,,,
SimpleQA/NQ_table_test_simple/00688.json,invalid_json,,,,,,,
SimpleQA/NQ_table_test_simple/00689.json,invalid_json,,,,,,,
SimpleQA/NQ_table_test_simple/00690.json,invalid_json,,,,,,,
SimpleQA/NQ_table_test_simple/00691.json,invalid_json,,,,,,,
SimpleQA/NQ_table_test_simple/00692.json,invalid_json,,,,,,,
SimpleQA/NQ_table_test_simple/00693.json,invalid_json,,,,,,,
SimpleQA/NQ_table_test_simple/00694.json,invalid_json,,,,,,,
SimpleQA/NQ_table_test_simple/00695.json,invalid_json,,,,,,,
SimpleQA/NQ_table_test_simple/00696.json,invalid_json,,,,,,,
SimpleQA/NQ_table_test_simple/00697.json,invalid_json,,,,,,,
SimpleQA/NQ_table_test_simple/00698.json,invalid_json,,,,,,,
SimpleQA/NQ_table_test_simple/00699.json,invalid_json,,,,,,,
SimpleQA/NQ_table_test_simple/00700.json,invalid_json,,,,,,,
SimpleQA/NQ_table_test_simple/00701.json,invalid_json,,,,,,,
SimpleQA/NQ_table_test_simple/00702.json,invalid_json,,,,,,,
SimpleQA/NQ_table_test_simple/00703.json,invalid_json,,,,,,,
SimpleQA/NQ_table_test_simple/00704.json,invalid_json,,,,,,,
SimpleQA/NQ_table_test_simple/00705.json,invalid_json,,,,,,,
SimpleQA/NQ_table_test_simple/00706.json,invalid_json,,,,,,,
SimpleQA/NQ_table_test_simple/00707.json,invalid_json,,,,,,,
SimpleQA/NQ_table_test_simple/00708.json,invalid_json,,,,,,,
SimpleQA/NQ_table_test_simple/00709.json,invalid_json,,,,,,,
SimpleQA/NQ_table_test_simple/00710.json,invalid_json,,,,,,,
SimpleQA/NQ_table_test_simple/00711.json,invalid_json,,,,,,,
SimpleQA/NQ_table_test_simple/00712.json,invalid_json,,,,,,,
SimpleQA/NQ_table_test_simple/00713.json,invalid_json,,,,,,,
SimpleQA/NQ_table_test_simple/00714.json,invalid_json,,,,,,,
SimpleQA/NQ_table_test_simple/00715.json,invalid_json,,,,,,,
SimpleQA/NQ_table_test_simple/00716.json,invalid_json,,,,,,,
SimpleQA/NQ_table_test_simple/00717.json,invalid_json,,,,,,,
SimpleQA/NQ_table_test_simple/00718.json,invalid_json,,,,,,,
SimpleQA/NQ_table_test_simple/00719.json,invalid_json,,,,,,,
SimpleQA/NQ_table_test_simple/00720.json,invalid_json,,,,,,,
SimpleQA/NQ_table_test_simple/00721.json,invalid_json,,,,,,,
SimpleQA/NQ_table_test_simple/00722.json,invalid_json,,,,,,,
SimpleQA/NQ_table_test_simple/00723.json,invalid_json,,,,,,,
SimpleQA/NQ_table_test_simple/00724.json,invalid_json,,,,,,,
SimpleQA/NQ_table_test_simple/00725.json,invalid_json,,,,,,,
SimpleQA/NQ_table_test_simple/00726.json,invalid_json,,,,,,,
SimpleQA/NQ_table_test_simple/00727.json,invalid_json,,,,,,,
SimpleQA/NQ_table_test_simple/00728.json,invalid_json,,,,,,,
SimpleQA/NQ_table_test_simple/00729.json,invalid_json,,,,,,,
SimpleQA/NQ_table_test_simple/00730.json,invalid_json,,,,,,,
SimpleQA/NQ_table_test_simple/00731.json,invalid_json,,,,,,,
SimpleQA/NQ_table_test_simple/00732.json,invalid_json,,,,,,,
SimpleQA/NQ_table_test_simple/00733.json,invalid_json,,,,,,,
SimpleQA/NQ_table_test_simple/00734.json,invalid_json,,,,,,,
SimpleQA/NQ_table_test_simple/00735.json,invalid_json,,,,,,,
SimpleQA/NQ_table_test_simple/00736.json,invalid_json,,,,,,,
SimpleQA/NQ_table_test_simple/00737.json,invalid_json,,,,,,,
SimpleQA/NQ_table_test_simple/00738.json,invalid_json,,,,,,,
SimpleQA/NQ_table_test_simple/00739.json,invalid_json,,,,,,,
SimpleQA/NQ_table_test_simple/00740.json,invalid_json,,,,,,,
SimpleQA/NQ_table_test_simple/00741.json,invalid_json,,,,,,,
SimpleQA/NQ_table_test_simple/00742.json,invalid_json,,,,,,,
SimpleQA/NQ_table_test_simple/00743.json,invalid_json,,,,,,,
SimpleQA/NQ_table_test_simple/00744.json,invalid_json,,,,,,,
SimpleQA/NQ_table_test_simple/00745.json,invalid_json,,,,,,,
SimpleQA/NQ_table_test_simple/00746.json,invalid_json,,,,,,,
SimpleQA/NQ_table_test_simple/00747.json,invalid_json,,,,,,,
SimpleQA/NQ_table_test_simple/00748.json,invalid_json,,,,,,,
SimpleQA/NQ_table_test_simple/00749.json,invalid_json,,,,,,,
SimpleQA/NQ_table_test_simple/00750.json,invalid_json,,,,,,,
SimpleQA/NQ_table_test_simple/00751.json,invalid_json,,,,,,,
SimpleQA/NQ_table_test_simple/00752.json,invalid_json,,,,,,,
SimpleQA/NQ_table_test_simple/00753.json,invalid_json,,,,,,,
SimpleQA/NQ_table_test_simple/00754.json,invalid_json,,,,,,,
SimpleQA/NQ_table_test_simple/00755.json,invalid_json,,,,,,,
SimpleQA/NQ_table_test_simple/00756.json,invalid_json,,,,,,,
SimpleQA/NQ_table_test_simple/00757.json,invalid_json,,,,,,,
SimpleQA/NQ_table_test_simple/00758.json,invalid_json,,,,,,,
SimpleQA/NQ_table_test_simple/00759.json,invalid_json,,,,,,,
SimpleQA/NQ_table_test_simple/00760.json,invalid_json,,,,,,,
SimpleQA/NQ_table_test_simple/00761.json,invalid_json,,,,,,,
SimpleQA/NQ_table_test_simple/00762.json,invalid_json,,,,,,,
SimpleQA/NQ_table_test_simple/00763.json,invalid_json,,,,,,,
SimpleQA/NQ_table_test_simple/00764.json,invalid_json,,,,,,,
SimpleQA/NQ_table_test_simple/00765.json,invalid_json,,,,,,,
SimpleQA/NQ_table_test_simple/00766.json,invalid_json,,,,,,,
SimpleQA/NQ_table_test_simple/00767.json,invalid_json,,,,,,,
SimpleQA/NQ_table_test_simple/00768.json,invalid_json,,,,,,,
SimpleQA/NQ_table_test_simple/00769.json,invalid_json,,,,,,,
SimpleQA/NQ_table_test_simple/00770.json,invalid_json,,,,,,,
SimpleQA/NQ_table_test_simple/00771.json,invalid_json,,,,,,,
SimpleQA/NQ_table_test_simple/00772.json,invalid_json,,,,,,,
SimpleQA/NQ_table_test_simple/00773.json,invalid_json,,,,,,,
SimpleQA/NQ_table_test_simple/00774.json,invalid_json,,,,,,,
SimpleQA/NQ_table_test_simple/00775.json,invalid_json,,,,,,,
SimpleQA/NQ_table_test_simple/00776.json,invalid_json,,,,,,,
SimpleQA/NQ_table_test_simple/00777.json,invalid_json,,,,,,,
SimpleQA/NQ_table_test_simple/00778.json,invalid_json,,,,,,,
SimpleQA/NQ_table_test_simple/00779.json,invalid_json,,,,,,,
SimpleQA/NQ_table_test_simple/00780.json,invalid_json,,,,,,,
SimpleQA/NQ_table_test_simple/00781.json,invalid_json,,,,,,,
SimpleQA/NQ_table_test_simple/00782.json,invalid_json,,,,,,,
SimpleQA/NQ_table_test_simple/00783.json,invalid_json,,,,,,,
SimpleQA/NQ_table_test_simple/00784.json,invalid_json,,,,,,,
SimpleQA/NQ_table_test_simple/00785.json,invalid_json,,,,,,,
SimpleQA/NQ_table_test_simple/00786.json,invalid_json,,,,,,,
SimpleQA/NQ_table_test_simple/00787.json,invalid_json,,,,,,,
SimpleQA/NQ_table_test_simple/00788.json,invalid_json,,,,,,,
SimpleQA/NQ_table_test_simple/00789.json,invalid_json,,,,,,,
SimpleQA/NQ_table_test_simple/00790.json,invalid_json,,,,,,,
SimpleQA/NQ_table_test_simple/00791.json,invalid_json,,,,,,,
SimpleQA/NQ_table_test_simple/00792.json,invalid_json,,,,,,,
SimpleQA/NQ_table_test_simple/00793.json,invalid_json,,,,,,,
SimpleQA/NQ_table_test_simple/00794.json,invalid_json,,,,,,,
SimpleQA/NQ_table_test_simple/00795.json,invalid_json,,,,,,,
SimpleQA/NQ_table_test_simple/00796.json,invalid_json,,,,,,,
SimpleQA/NQ_table_test_simple/00797.json,invalid_json,,,,,,,
SimpleQA/NQ_table_test_simple/00798.json,invalid_json,,,,,,,
SimpleQA/NQ_table_test_simple/00799.json,invalid_json,,,,,,,
SimpleQA/NQ_table_test_simple/00800.json,invalid_json,,,,,,,
SimpleQA/NQ_table_test_simple/00801.json,invalid_json,,,,,,,
SimpleQA/NQ_table_test_simple/00802.json,invalid_json,,,,,,,
SimpleQA/NQ_table_test_simple/00803.json,invalid_json,,,,,,,
SimpleQA/NQ_table_test_simple/00804.json,invalid_json,,,,,,,
SimpleQA/NQ_table_test_simple/00805.json,invalid_json,,,,,,,
SimpleQA/NQ_table_test_simple/00806.json,invalid_json,,,,,,,
SimpleQA/NQ_table_test_simple/00807.json,invalid_json,,,,,,,
SimpleQA/NQ_table_test_simple/00808.json,invalid_json,,,,,,,
SimpleQA/NQ_table_test_simple/00809.json,invalid_json,,,,,,,
SimpleQA/NQ_table_test_simple/00810.json,invalid_json,,,,,,,
SimpleQA/NQ_table_test_simple/00811.json,invalid_json,,,,,,,
SimpleQA/NQ_table_test_simple/00812.json,invalid_json,,,,,,,
SimpleQA/NQ_table_test_simple/00813.json,invalid_json,,,,,,,
SimpleQA/NQ_table_test_simple/00814.json,invalid_json,,,,,,,
SimpleQA/NQ_table_test_simple/00815.json,invalid_json,,,,,,,
SimpleQA/NQ_table_test_simple/00816.json,invalid_json,,,,,,,
SimpleQA/NQ_table_test_simple/00817.json,invalid_json,,,,,,,
SimpleQA/NQ_table_test_simple/00818.json,invalid_json,,,,,,,
SimpleQA/NQ_table_test_simple/00819.json,invalid_json,,,,,,,
SimpleQA/NQ_table_test_simple/00820.json,invalid_json,,,,,,,
SimpleQA/NQ_table_test_simple/00821.json,invalid_json,,,,,,,
SimpleQA/NQ_table_test_simple/00822.json,invalid_json,,,,,,,
SimpleQA/NQ_table_test_simple/00823.json,invalid_json,,,,,,,
SimpleQA/NQ_table_test_simple/00824.json,invalid_json,,,,,,,
SimpleQA/NQ_table_test_simple/00825.json,invalid_json,,,,,,,
SimpleQA/NQ_table_test_simple/00826.json,invalid_json,,,,,,,
SimpleQA/NQ_table_test_simple/00827.json,invalid_json,,,,,,,
SimpleQA/NQ_table_test_simple/00828.json,invalid_json,,,,,,,
SimpleQA/NQ_table_test_simple/00829.json,invalid_json,,,,,,,
SimpleQA/NQ_table_test_simple/00830.json,invalid_json,,,,,,,
SimpleQA/NQ_table_test_simple/00831.json,invalid_json,,,,,,,
SimpleQA/NQ_table_test_simple/00832.json,invalid_json,,,,,,,
SimpleQA/NQ_table_test_simple/00833.json,invalid_json,,,,,,,
SimpleQA/NQ_table_test_simple/00834.json,invalid_json,,,,,,,
SimpleQA/NQ_table_test_simple/00835.json,invalid_json,,,,,,,
SimpleQA/NQ_table_test_simple/00836.json,invalid_json,,,,,,,
SimpleQA/NQ_table_test_simple/00837.json,invalid_json,,,,,,,
SimpleQA/NQ_table_test_simple/00838.json,invalid_json,,,,,,,
SimpleQA/NQ_table_test_simple/00839.json,invalid_json,,,,,,,
SimpleQA/NQ_table_test_simple/00840.json,invalid_json,,,,,,,
SimpleQA/NQ_table_test_simple/00841.json,invalid_json,,,,,,,
SimpleQA/NQ_table_test_simple/00842.json,invalid_json,,,,,,,
SimpleQA/NQ_table_test_simple/00843.json,invalid_json,,,,,,,
SimpleQA/NQ_table_test_simple/00844.json,invalid_json,,,,,,,
SimpleQA/NQ_table_test_simple/00845.json,invalid_json,,,,,,,
SimpleQA/NQ_table_test_simple/00846.json,invalid_json,,,,,,,
SimpleQA/NQ_table_test_simple/00847.json,invalid_json,,,,,,,
SimpleQA/NQ_table_test_simple/00848.json,invalid_json,,,,,,,
SimpleQA/NQ_table_test_simple/00849.json,invalid_json,,,,,,,
SimpleQA/NQ_table_test_simple/00850.json,invalid_json,,,,,,,
SimpleQA/NQ_table_test_simple/00851.json,invalid_json,,,,,,,
SimpleQA/NQ_table_test_simple/00852.json,invalid_json,,,,,,,
SimpleQA/NQ_table_test_simple/00853.json,invalid_json,,,,,,,
SimpleQA/NQ_table_test_simple/00854.json,invalid_json,,,,,,,
SimpleQA/NQ_table_test_simple/00855.json,invalid_json,,,,,,,
SimpleQA/NQ_table_test_simple/00856.json,invalid_json,,,,,,,
SimpleQA/NQ_table_test_simple/00857.json,invalid_json,,,,,,,
SimpleQA/NQ_table_test_simple/00858.json,invalid_json,,,,,,,
SimpleQA/NQ_table_test_simple/00859.json,invalid_json,,,,,,,
SimpleQA/NQ_table_test_simple/00860.json,invalid_json,,,,,,,
SimpleQA/NQ_table_test_simple/00861.json,invalid_json,,,,,,,
SimpleQA/NQ_table_test_simple/00862.json,invalid_json,,,,,,,
SimpleQA/NQ_table_test_simple/00863.json,invalid_json,,,,,,,
SimpleQA/NQ_table_test_simple/00864.json,invalid_json,,,,,,,
SimpleQA/NQ_table_test_simple/00865.json,invalid_json,,,,,,,
SimpleQA/NQ_table_test_simple/00866.json,invalid_json,,,,,,,
SimpleQA/NQ_table_test_simple/00867.json,invalid_json,,,,,,,
SimpleQA/NQ_table_test_simple/00868.json,invalid_json,,,,,,,
SimpleQA/NQ_table_test_simple/00869.json,invalid_json,,,,,,,
SimpleQA/NQ_table_test_simple/00870.json,invalid_json,,,,,,,
SimpleQA/NQ_table_test_simple/00871.json,invalid_json,,,,,,,
SimpleQA/NQ_table_test_simple/00872.json,invalid_json,,,,,,,
SimpleQA/NQ_table_test_simple/00873.json,invalid_json,,,,,,,
SimpleQA/NQ_table_test_simple/00874.json,invalid_json,,,,,,,
SimpleQA/NQ_table_test_simple/00875.json,invalid_json,,,,,,,
SimpleQA/NQ_table_test_simple/00876.json,invalid_json,,,,,,,
SimpleQA/NQ_table_test_simple/00877.json,invalid_json,,,,,,,
SimpleQA/NQ_table_test_simple/00878.json,invalid_json,,,,,,,
SimpleQA/NQ_table_test_simple/00879.json,invalid_json,,,,,,,
SimpleQA/NQ_table_test_simple/00880.json,invalid_json,,,,,,,
SimpleQA/NQ_table_test_simple/00881.json,invalid_json,,,,,,,
SimpleQA/NQ_table_test_simple/00882.json,invalid_json,,,,,,,
SimpleQA/NQ_table_test_simple/00883.json,invalid_json,,,,,,,
SimpleQA/NQ_table_test_simple/00884.json,invalid_json,,,,,,,
SimpleQA/NQ_table_test_simple/00885.json,invalid_json,,,,,,,
SimpleQA/NQ_table_test_simple/00886.json,invalid_json,,,,,,,
SimpleQA/NQ_table_test_simple/00887.json,invalid_json,,,,,,,
SimpleQA/NQ_table_test_simple/00888.json,invalid_json,,,,,,,
SimpleQA/NQ_table_test_simple/00889.json,invalid_json,,,,,,,
SimpleQA/NQ_table_test_simple/00890.json,invalid_json,,,,,,,
SimpleQA/NQ_table_test_simple/00891.json,invalid_json,,,,,,,
SimpleQA/NQ_table_test_simple/00892.json,invalid_json,,,,,,,
SimpleQA/NQ_table_test_simple/00893.json,invalid_json,,,,,,,
SimpleQA/NQ_table_test_simple/00894.json,invalid_json,,,,,,,
SimpleQA/NQ_table_test_simple/00895.json,invalid_json,,,,,,,
SimpleQA/NQ_table_test_simple/00896.json,invalid_json,,,,,,,
SimpleQA/NQ_table_test_simple/00897.json,invalid_json,,,,,,,
SimpleQA/NQ_table_test_simple/00898.json,invalid_json,,,,,,,
SimpleQA/NQ_table_test_simple/00899.json,invalid_json,,,,,,,
SimpleQA/NQ_table_test_simple/00900.json,invalid_json,,,,,,,
SimpleQA/NQ_table_test_simple/00901.json,invalid_json,,,,,,,
SimpleQA/NQ_table_test_simple/00902.json,invalid_json,,,,,,,
SimpleQA/NQ_table_test_simple/00903.json,invalid_json,,,,,,,
SimpleQA/NQ_table_test_simple/00904.json,invalid_json,,,,,,,
SimpleQA/NQ_table_test_simple/00905.json,invalid_json,,,,,,,
SimpleQA/NQ_table_test_simple/00906.json,invalid_json,,,,,,,
SimpleQA/NQ_table_test_simple/00907.json,invalid_json,,,,,,,
SimpleQA/NQ_table_test_simple/00908.json,invalid_json,,,,,,,
SimpleQA/NQ_table_test_simple/00909.json,invalid_json,,,,,,,
SimpleQA/NQ_table_test_simple/00910.json,invalid_json,,,,,,,
SimpleQA/NQ_table_test_simple/00911.json,invalid_json,,,,,,,
SimpleQA/NQ_table_test_simple/00912.json,invalid_json,,,,,,,
SimpleQA/NQ_table_test_simple/00913.json,invalid_json,,,,,,,
SimpleQA/NQ_table_test_simple/00914.json,invalid_json,,,,,,,
SimpleQA/NQ_table_test_simple/00915.json,invalid_json,,,,,,,
SimpleQA/NQ_table_test_simple/00916.json,invalid_json,,,,,,,
SimpleQA/NQ_table_test_simple/00917.json,invalid_json,,,,,,,
SimpleQA/NQ_table_test_simple/00918.json,invalid_json,,,,,,,
SimpleQA/NQ_table_test_simple/00919.json,invalid_json,,,,,,,
SimpleQA/NQ_table_test_simple/00920.json,invalid_json,,,,,,,
SimpleQA/NQ_table_test_simple/00921.json,invalid_json,,,,,,,
SimpleQA/NQ_table_test_simple/00922.json,invalid_json,,,,,,,
SimpleQA/NQ_table_test_simple/00923.json,invalid_json,,,,,,,
SimpleQA/NQ_table_test_simple/00924.json,invalid_json,,,,,,,
SimpleQA/NQ_table_test_simple/00925.json,invalid_json,,,,,,,
SimpleQA/NQ_table_test_simple/00926.json,invalid_json,,,,,,,
SimpleQA/NQ_table_test_simple/00927.json,invalid_json,,,,,,,
SimpleQA/NQ_table_test_simple/00928.json,invalid_json,,,,,,,
SimpleQA/NQ_table_test_simple/00929.json,invalid_json,,,,,,,
SimpleQA/NQ_table_test_simple/00930.json,invalid_json,,,,,,,
SimpleQA/NQ_table_test_simple/00931.json,invalid_json,,,,,,,
SimpleQA/NQ_table_test_simple/00932.json,invalid_json,,,,,,,
SimpleQA/NQ_table_test_simple/00933.json,invalid_json,,,,,,,
SimpleQA/NQ_table_test_simple/00934.json,invalid_json,,,,,,,
SimpleQA/NQ_table_test_simple/00935.json,invalid_json,,,,,,,
SimpleQA/NQ_table_test_simple/00936.json,invalid_json,,,,,,,
SimpleQA/NQ_table_test_simple/00937.json,invalid_json,,,,,,,
SimpleQA/NQ_table_test_simple/00938.json,invalid_json,,,,,,,
SimpleQA/NQ_table_test_simple/00939.json,invalid_json,,,,,,,
SimpleQA/NQ_table_test_simple/00940.json,invalid_json,,,,,,,
SimpleQA/NQ_table_test_simple/00941.json,invalid_json,,,,,,,
SimpleQA/NQ_table_test_simple/00942.json,invalid_json,,,,,,,
SimpleQA/NQ_table_test_simple/00943.json,invalid_json,,,,,,,
SimpleQA/NQ_table_test_simple/00944.json,invalid_json,,,,,,,
SimpleQA/NQ_table_test_simple/00945.json,invalid_json,,,,,,,
SimpleQA/NQ_table_test_simple/00946.json,invalid_json,,,,,,,
SimpleQA/NQ_table_test_simple/00947.json,invalid_json,,,,,,,
SimpleQA/NQ_table_test_simple/00948.json,invalid_json,,,,,,,
SimpleQA/NQ_table_test_simple/00949.json,invalid_json,,,,,,,
SimpleQA/NQ_table_test_simple/00950.json,invalid_json,,,,,,,
SimpleQA/NQ_table_test_simple/00951.json,invalid_json,,,,,,,
SimpleQA/NQ_table_test_simple/00952.json,invalid_json,,,,,,,
SimpleQA/NQ_table_test_simple/00953.json,invalid_json,,,,,,,
SimpleQA/NQ_table_test_simple/00954.json,invalid_json,,,,,,,
SimpleQA/NQ_table_test_simple/00955.json,invalid_json,,,,,,,
SimpleQA/NQ_table_test_simple/00956.json,invalid_json,,,,,,,
SimpleQA/NQ_table_test_simple/00957.json,invalid_json,,,,,,,
SimpleQA/NQ_table_test_simple/00958.json,invalid_json,,,,,,,
SimpleQA/NQ_table_test_simple/00959.json,invalid_json,,,,,,,
SimpleQA/NQ_table_test_simple/00960.json,invalid_json,,,,,,,
SimpleQA/NQ_table_test_simple/00961.json,invalid_json,,,,,,,
SimpleQA/NQ_table_test_simple/00962.json,invalid_json,,,,,,,
SimpleQA/NQ_table_test_simple/00963.json,invalid_json,,,,,,,
SimpleQA/NQ_table_test_simple/00964.json,invalid_json,,,,,,,
SimpleQA/NQ_table_test_simple/00965.json,invalid_json,,,,,,,
SimpleQA/NQ_table_test_simple/timing_summary.json,null_output,,,,,,,
SimpleQA/Qampari_wikitables_simple/00000.json,invalid_json,,,,,,,
SimpleQA/Qampari_wikitables_simple/00001.json,invalid_json,,,,,,,
SimpleQA/Qampari_wikitables_simple/00002.json,invalid_json,,,,,,,
SimpleQA/Qampari_wikitables_simple/00003.json,invalid_json,,,,,,,
SimpleQA/Qampari_wikitables_simple/00004.json,invalid_json,,,,,,,
SimpleQA/Qampari_wikitables_simple/00005.json,invalid_json,,,,,,,
SimpleQA/Qampari_wikitables_simple/00006.json,invalid_json,,,,,,,
SimpleQA/Qampari_wikitables_simple/00007.json,invalid_json,,,,,,,
SimpleQA/Qampari_wikitables_simple/00008.json,invalid_json,,,,,,,
SimpleQA/Qampari_wikitables_simple/00009.json,invalid_json,,,,,,,
SimpleQA/Qampari_wikitables_simple/00010.json,invalid_json,,,,,,,
SimpleQA/Qampari_wikitables_simple/00011.json,invalid_json,,,,,,,
SimpleQA/Qampari_wikitables_simple/00012.json,invalid_json,,,,,,,
SimpleQA/Qampari_wikitables_simple/00013.json,invalid_json,,,,,,,
SimpleQA/Qampari_wikitables_simple/00014.json,invalid_json,,,,,,,
SimpleQA/Qampari_wikitables_simple/00015.json,invalid_json,,,,,,,
SimpleQA/Qampari_wikitables_simple/00016.json,invalid_json,,,,,,,
SimpleQA/Qampari_wikitables_simple/00017.json,invalid_json,,,,,,,
SimpleQA/Qampari_wikitables_simple/00018.json,invalid_json,,,,,,,
SimpleQA/Qampari_wikitables_simple/00019.json,invalid_json,,,,,,,
SimpleQA/Qampari_wikitables_simple/00020.json,invalid_json,,,,,,,
SimpleQA/Qampari_wikitables_simple/00021.json,invalid_json,,,,,,,
SimpleQA/Qampari_wikitables_simple/00022.json,invalid_json,,,,,,,
SimpleQA/Qampari_wikitables_simple/00023.json,invalid_json,,,,,,,
SimpleQA/Qampari_wikitables_simple/00024.json,invalid_json,,,,,,,
SimpleQA/Qampari_wikitables_simple/00025.json,invalid_json,,,,,,,
SimpleQA/Qampari_wikitables_simple/00026.json,invalid_json,,,,,,,
SimpleQA/Qampari_wikitables_simple/00027.json,invalid_json,,,,,,,
SimpleQA/Qampari_wikitables_simple/00028.json,invalid_json,,,,,,,
SimpleQA/Qampari_wikitables_simple/00029.json,invalid_json,,,,,,,
SimpleQA/Qampari_wikitables_simple/00030.json,invalid_json,,,,,,,
SimpleQA/Qampari_wikitables_simple/00031.json,invalid_json,,,,,,,
SimpleQA/Qampari_wikitables_simple/00032.json,invalid_json,,,,,,,
SimpleQA/Qampari_wikitables_simple/00033.json,invalid_json,,,,,,,
SimpleQA/Qampari_wikitables_simple/00034.json,invalid_json,,,,,,,
SimpleQA/Qampari_wikitables_simple/00035.json,invalid_json,,,,,,,
SimpleQA/Qampari_wikitables_simple/00036.json,invalid_json,,,,,,,
SimpleQA/Qampari_wikitables_simple/00037.json,invalid_json,,,,,,,
SimpleQA/Qampari_wikitables_simple/00038.json,invalid_json,,,,,,,
SimpleQA/Qampari_wikitables_simple/00039.json,invalid_json,,,,,,,
SimpleQA/Qampari_wikitables_simple/00040.json,invalid_json,,,,,,,
SimpleQA/Qampari_wikitables_simple/00041.json,invalid_json,,,,,,,
SimpleQA/Qampari_wikitables_simple/00042.json,invalid_json,,,,,,,
SimpleQA/Qampari_wikitables_simple/00043.json,invalid_json,,,,,,,
SimpleQA/Qampari_wikitables_simple/00044.json,invalid_json,,,,,,,
SimpleQA/Qampari_wikitables_simple/00045.json,invalid_json,,,,,,,
SimpleQA/Qampari_wikitables_simple/00046.json,invalid_json,,,,,,,
SimpleQA/Qampari_wikitables_simple/00047.json,invalid_json,,,,,,,
SimpleQA/Qampari_wikitables_simple/00048.json,invalid_json,,,,,,,
SimpleQA/Qampari_wikitables_simple/00049.json,invalid_json,,,,,,,
SimpleQA/Qampari_wikitables_simple/00050.json,invalid_json,,,,,,,
SimpleQA/Qampari_wikitables_simple/00051.json,invalid_json,,,,,,,
SimpleQA/Qampari_wikitables_simple/00052.json,invalid_json,,,,,,,
SimpleQA/Qampari_wikitables_simple/00053.json,invalid_json,,,,,,,
SimpleQA/Qampari_wikitables_simple/00054.json,invalid_json,,,,,,,
SimpleQA/Qampari_wikitables_simple/00055.json,invalid_json,,,,,,,
SimpleQA/Qampari_wikitables_simple/00056.json,invalid_json,,,,,,,
SimpleQA/Qampari_wikitables_simple/00057.json,invalid_json,,,,,,,
SimpleQA/Qampari_wikitables_simple/00058.json,invalid_json,,,,,,,
SimpleQA/Qampari_wikitables_simple/00059.json,invalid_json,,,,,,,
SimpleQA/Qampari_wikitables_simple/00060.json,invalid_json,,,,,,,
SimpleQA/Qampari_wikitables_simple/00061.json,invalid_json,,,,,,,
SimpleQA/Qampari_wikitables_simple/00062.json,invalid_json,,,,,,,
SimpleQA/Qampari_wikitables_simple/00063.json,invalid_json,,,,,,,
SimpleQA/Qampari_wikitables_simple/00064.json,invalid_json,,,,,,,
SimpleQA/Qampari_wikitables_simple/00065.json,invalid_json,,,,,,,
SimpleQA/Qampari_wikitables_simple/00066.json,invalid_json,,,,,,,
SimpleQA/Qampari_wikitables_simple/00067.json,invalid_json,,,,,,,
SimpleQA/Qampari_wikitables_simple/00068.json,invalid_json,,,,,,,
SimpleQA/Qampari_wikitables_simple/00069.json,invalid_json,,,,,,,
SimpleQA/Qampari_wikitables_simple/00070.json,invalid_json,,,,,,,
SimpleQA/Qampari_wikitables_simple/00071.json,invalid_json,,,,,,,
SimpleQA/Qampari_wikitables_simple/00072.json,invalid_json,,,,,,,
SimpleQA/Qampari_wikitables_simple/00073.json,invalid_json,,,,,,,
SimpleQA/Qampari_wikitables_simple/00074.json,invalid_json,,,,,,,
SimpleQA/Qampari_wikitables_simple/00075.json,invalid_json,,,,,,,
SimpleQA/Qampari_wikitables_simple/00076.json,invalid_json,,,,,,,
SimpleQA/Qampari_wikitables_simple/00077.json,invalid_json,,,,,,,
