question,answer,gold evidence type
"For the snooker players who participated in the 2002 Masters, sort them by their highest career ranking (lowest number first), and then by the number of Masters titles they had won by the end of the 2001/02 season (highest number first). How many Masters titles had the third player in this sorted list won by the end of the 2001/02 season?",0,"{""table"": 8}"
Sort the Australian rules football clubs that were competing in the Victorian Football League in 1913 or 1944 by their total number of Victorian Football League or Australian Football League Grand Final losses from fewest to most. What is the number of Grand Final losses for the club that ranks second in this sorted list?,13,"{""text"": 4, ""table"": 3}"
"Consider the number of rounds listed for drivers in the 2002 season who did not participate in all races, along with the number of rounds listed for practice drivers in the 2003 season. Sort these numbers from lowest to highest. What is the number at the eighth position in the sorted list?",5,"{""table"": 2}"
Sort the people who worked for the Brentford football club and were born in or before 1956 by their birth year from oldest to youngest. What is the sum of the number of seasons the person who ranks second managed the club and the total appearances for the club by the player born in 1979?,108,"{""infobox"": 1, ""text"": 3, ""table"": 1}"
"How many games involving the St. Louis Cardinals are summarized across the game results for the 1982 National League Championship Series, 2006 National League Championship Series, 2011 World Series, 2013 National League Championship Series, and 2011 National League Championship Series?",29,"{""table"": 5, ""text"": 3}"
"Among the Melbourne-based Australian rules football teams Essendon, Hawthorn, Richmond, and Collingwood, sort them by the year of their most recent Grand Final appearance mentioned in the evidence from earliest to latest. What year does the second team in this sorted list belong to?",2015,"{""text"": 4, ""table"": 2}"
"Sort the games played between the Los Angeles Dodgers and Philadelphia Phillies in the National League Championship Series for the years 1977, 1978, 2008, and 2009 by duration from shortest to longest. What was the attendance of the game with the fifth shortest duration?",45839,"{""table"": 4, ""text"": 4}"
"Sort the teams that have played against Collingwood in a Grand Final by the year of their first Grand Final appearance against Collingwood, from earliest to latest. What was the year of the first Grand Final against Collingwood for the team ranked fourth in this list?",1926,"{""text"": 5, ""table"": 2}"
"Sort the players who participated in the 2002 Masters snooker competition by their year of birth from oldest to youngest, and then alphabetically by last name for those with the same year of birth. What is the year of birth of the sixth player in this sorted list?",1974,"{""text"": 9, ""table"": 6}"
Sort the attendance figures for all games played between the Pittsburgh Pirates and the Cincinnati Reds in the National League Championship Series from 1972 through 1979 from highest to lowest. What is the attendance figure for the fifth game in this sorted list?,52420,"{""table"": 3, ""text"": 3}"
"Sort all games played between the Los Angeles Dodgers and the Philadelphia Phillies in the 1977, 1978, 2008, and 2009 National League Championship Series by game duration from longest to shortest. What was the duration in minutes of the third longest game?",224,"{""table"": 4, ""text"": 4}"
"Sort all games played between the Los Angeles Dodgers and Philadelphia Phillies in the 1977, 1978, 2008, and 2009 National League Championship Series by game duration from shortest to longest. What was the duration in minutes of the fifth shortest game?",156,"{""table"": 4, ""text"": 4}"
"What was the attendance figure for the game ranked third when sorting all games played between the Los Angeles Dodgers and Philadelphia Phillies in the 1977, 1978, 2008, and 2009 National League Championship Series by attendance from highest to lowest?",63460,"{""table"": 4}"
Sort the duration of games the St. Louis Cardinals played in the 1982 National League Championship Series and the 2013 National League Championship Series from shortest to longest. What is the duration in minutes of the third game in this sorted list?,166,"{""table"": 2, ""text"": 2}"
"Considering the 2000 Louis Vuitton Cup, 2000 America's Cup, 2011 Extreme Sailing Series, 2021 Prada Cup, and 2021 America's Cup, what is the difference between the number of events won by Luna Rossa and the number of events won by Team New Zealand?",1,"{""table"": 1, ""infobox"": 1, ""text"": 3}"
"Sort the attendance figures from all games played between the Los Angeles Dodgers and Philadelphia Phillies in the 1977, 1978, 2008, and 2009 National League Championship Series from highest to lowest. What is the third highest attendance figure?",63460,"{""table"": 4}"
Sort the people who worked for Brentford and were born on or before 1956 by their birth year from oldest to youngest. How many people in this sorted list have a total career appearances count listed in the table detailing Paul Smith's statistics?,0,"{""text"": 6, ""infobox"": 1, ""table"": 1}"
Sort the National League Championship Series between the Philadelphia Phillies and the Los Angeles Dodgers by the total number of games played in descending order. What was the total number of games played in the third series in this sorted list?,4,"{""table"": 4}"
Sort the National League Championship Series contested by the Los Angeles Dodgers and the Philadelphia Phillies by their total attendance from highest to lowest. What was the total attendance for the series that ranks second in this sorted list?,260092,"{""table"": 4, ""text"": 5}"
"Sort the number of rounds participated by Franck Montagny, Anthony Davidson, Gianmaria Bruni, the Arrows drivers, Allan McNish, and Felipe Massa as listed in the provided data from lowest to highest. What is the fifth number in this sorted list?",15,"{""table"": 2, ""text"": 2}"
"Sort the St. Louis Cardinals' winning playoff series by the total number of games played from highest to lowest, using the year as a tiebreaker from most recent to earliest. What is the number of games played in the series ranked second?",7,"{""table"": 5, ""text"": 3}"
"When sorting the National League Championship Series contested by both the Los Angeles Dodgers and the Philadelphia Phillies by total attendance from lowest to highest, what was the total attendance for the second series in that ranking?",240584,"{""text"": 4, ""table"": 4}"
"Among games won by the Boston Red Sox in the 1975 and 2013 American League Championship Series and the 2018 World Series, sort the attendance figures from lowest to highest. What is the second attendance number in this sorted list?",35578,"{""table"": 3, ""text"": 3}"
"Sort all games from the 2018 World Series, 2013 American League Championship Series, and 1975 American League Championship Series by attendance from highest to lowest. What was the attendance of the third game in this sorted list?",53114,"{""table"": 3}"
"What was the highest attendance recorded for any single game played by the Boston Red Sox during their winning 2018 World Series, 2013 American League Championship Series, or 1975 American League Championship Series appearances?",54400,"{""table"": 3, ""infobox"": 3}"
"What was the greatest margin of victory or defeat in any single game played by the Boston Red Sox during their 1975 American League Championship Series, 2013 American League Championship Series, or 2018 World Series appearances?",6,"{""table"": 3}"
"Sort the number of senior premierships won by Collingwood, Richmond, Essendon, St Kilda, and Port Adelaide in the main Australian rules football competition from lowest to highest. What is the third number in this sorted list?",13,"{""table"": 2, ""text"": 6}"
Sort the game times for all National League Championship Series games played between the Los Angeles Dodgers and the Philadelphia Phillies after 1978 from shortest to longest. What is the third shortest game time in minutes?,185,"{""table"": 2, ""text"": 2}"
Sort the game durations in minutes for the National League Championship Series games between the Los Angeles Dodgers and the Philadelphia Phillies from shortest to longest. What is the duration of the second shortest game?,134,"{""table"": 4, ""text"": 4}"
Sort the Boston Red Sox competition victories (with a start time of 2018 or earlier) by the attendance of Game 1 from highest to lowest. What was the attendance of Game 1 for the competition that ranks second in this list?,38210,"{""infobox"": 3, ""table"": 3}"
"Among Kamilla Rytter Juhl, Zhao Yunlei, Christinna Pedersen, Tian Qing, Yu Yang, and Eom Hye-won, sort the number of BWF Superseries events won in 2013 from highest to lowest. What is the second number in this sorted list?",4,"{""table"": 7, ""text"": 4}"
What was the difference in the number of races between the Formula One season with the most Grands Prix and the season with the fewest Grands Prix during the years Lewis Hamilton and Mercedes won the championship together?,2,"{""text"": 6, ""table"": 2}"
"How many games involving the St. Louis Cardinals were played at Busch Stadium or Busch Stadium (II) across their 1982, 2006, and 2013 National League Championship Series appearances and their 2011 World Series appearance?",12,"{""table"": 4, ""text"": 4}"
"Among the Canadian Grand Prix qualifying sessions where Lewis Hamilton achieved pole position, sort the sessions by his Q3 time from fastest to slowest. What is the year of the race that ranks second in this sorted list?",2015,"{""table"": 2, ""text"": 2}"
What is the difference between the number of games the St. Louis Cardinals won at Busch Stadium in the 2011 World Series and the number of games they won at Busch Stadium in the 2011 National League Championship Series?,1,"{""text"": 1, ""table"": 2}"
"Sort the attendance figures for all games played by the St. Louis Cardinals in the 1982 NLCS, 2006 NLCS, 2011 World Series, 2013 NLCS, and 2011 NLCS from highest to lowest. What is the fifth highest attendance figure?",53992,"{""table"": 5}"
"What is the total number of games played by the St. Louis Cardinals across the 1982, 2006, 2011, and 2013 National League Championship Series, and the 2011 World Series, based on the game-by-game summaries available?",29,"{""table"": 5}"
Sort the Melbourne-based teams that were competitors in a Grand Final won by Geelong by their total number of senior premierships from highest to lowest. What is the number of premierships for the team ranked second?,15,"{""table"": 2, ""text"": 4}"
"Among Australian Football League clubs that have won more than 5 senior premierships, sort them by the number of premierships from highest to lowest. What is the number of premierships won by the team ranked fourth?",11,"{""table"": 3, ""text"": 3}"
Sort the game durations from shortest to longest for games played by the St. Louis Cardinals in playoff series they won with an end date of 1985 or later. What is the duration in minutes of the fourth shortest game?,174,"{""table"": 3, ""text"": 2, ""infobox"": 1}"
"What was the duration in minutes of the sixteenth longest game played between the Philadelphia Phillies and Los Angeles Dodgers in the National League Championship Series across the years 1977, 1978, 2008, and 2009?",138,"{""table"": 4}"
"What is the total number of games featuring the St. Louis Cardinals played at Busch Stadium or Busch Stadium (II) across the 1982, 2006, 2011, and 2013 National League Championship Series and the 2011 World Series?",15,"{""table"": 5, ""text"": 5}"
"Among the Collingwood, Richmond, and Sydney Swans VFL/AFL teams, sort them by their total number of Grand Final appearances from highest to lowest. What is the number of appearances for the team that ranks second?",13,"{""table"": 3}"
Sort the Formula One seasons where Lewis Hamilton and Mercedes both won championships since 2015 by the number of races from lowest to highest. What is the number of races in the second season in this sorted list?,20,"{""text"": 6, ""table"": 2}"
"What was the highest attendance recorded for any game played between the Los Angeles Dodgers and the Philadelphia Phillies in the National League Championship Series during the 1977, 1978, 2008, and 2009 seasons?",64924,"{""table"": 4, ""text"": 4}"
"Sort the Boston Red Sox championship series wins by the total attendance of all games played in the series, from highest to lowest. What was the total attendance for the series ranked second in this sorted list?",238979,"{""infobox"": 3, ""table"": 3}"
"Among Kamilla Rytter Juhl, Zhao Yunlei, Christinna Pedersen, Tian Qing, Yu Yang, Wang Xiaoli, and Eom Hye-won, what is the greatest number of BWF Superseries runner-up finishes any of them had in the year 2013?",5,"{""table"": 8, ""infobox"": 7}"
"Sort Lewis Hamilton's pole position qualifying times from the 2015 and 2016 Canadian Grands Prix from fastest to slowest. What was the Q3 time of the second race in this sorted list, expressed in milliseconds?",74393,"{""table"": 2}"
Sort the years for which Canadian Grand Prix qualifying tables featuring Lewis Hamilton are provided by his Q3 qualifying time from fastest to slowest. What is the year of the second race in this sorted list?,2015,"{""table"": 2}"
"What was the duration in minutes of the third longest game between the Los Angeles Dodgers and the Philadelphia Phillies in the National League Championship Series during the years 1977, 1978, 2008, and 2009?",220,"{""table"": 4}"
"Sort the attendance figures for all games played by the Boston Red Sox in the 2018 World Series, 2013 ALCS, and 1975 ALCS from lowest to highest. What is the attendance of the fifth game in this sorted list?",38454,"{""table"": 3, ""text"": 3}"
Sort the durations of the games played in the Boston Red Sox championship series wins up to and including 2018 from shortest to longest. What is the duration in minutes of the third game in this sorted list?,160,"{""table"": 3, ""infobox"": 3}"
"Rank Collingwood, Richmond, Essendon, St Kilda, and Port Adelaide based on the number of senior premierships they have won from most to least. What is the premiership count of the third club in this ranking?",13,"{""table"": 2, ""text"": 4}"
Sort the snooker players who participated in the 2002 Masters by their ranking at the start of the 2001/02 season from lowest to highest. What was the rank of the player who ranks fifth in this sorted list?,14,"{""table"": 7}"
"How many baseball games involving the Boston Red Sox were played at Fenway Park across the 1975 American League Championship Series, the 2013 American League Championship Series, and the 2018 World Series?",7,"{""table"": 3}"
Sort the Formula One seasons where Lewis Hamilton and Mercedes both won the championship by the number of races from lowest to highest. What is the number of races in the second season in this sorted list?,20,"{""text"": 5, ""table"": 2}"
"What was the greatest game duration in minutes for a Boston Red Sox game played during the 2018 World Series, the 2013 American League Championship Series, or the 1975 American League Championship Series?",440,"{""table"": 3}"
What is the greatest number of wooden spoons achieved by either the Richmond Football Club or the Collingwood Football Club in the senior Australian Football League/Victorian Football League competition?,7,"{""table"": 2}"
Sort the years Lewis Hamilton and Mercedes both won the Formula One world championship by the number of races from lowest to highest. What is the number of races in the second season in this sorted list?,20,"{""text"": 6, ""table"": 2}"
"Sort the attendance numbers for all games in the 1975, 2013, and 2018 championship series involving the Boston Red Sox from lowest to highest. What is the second highest attendance in this sorted list?",54367,"{""table"": 3, ""text"": 3}"
Sort the average qualifying positions from lowest to highest for drivers who participated in both the 2015 and 2016 Canadian Grand Prix qualifying sessions. What is the fifth value in this sorted list?,6.5,"{""table"": 2}"
"What was the highest attendance for a single game in the National League Championship Series between the Los Angeles Dodgers and the Philadelphia Phillies across the 1977, 1978, 2008, and 2009 seasons?",64924,"{""table"": 4}"
How many of the teams with Victorian Football League or Australian Football League Grand Finalist history listed in the provided tables also participated in a Grand Final won by Fitzroy Football Club?,1,"{""table"": 3, ""text"": 2}"
How many more games were played in the 2006 National League Championship Series won by the St. Louis Cardinals compared to the 2013 National League Championship Series won by the St. Louis Cardinals?,1,"{""text"": 3, ""table"": 2, ""infobox"": 1}"
Sort the games played between the Pittsburgh Pirates and Cincinnati Reds after 1972 by their duration from shortest to longest. What was the duration in minutes of the third game in this sorted list?,171,"{""table"": 2, ""text"": 4}"
What is the difference in the number of senior premierships won by the Collingwood Football Club compared to the Richmond Football Club in the Australian Football League or Victorian Football League?,3,"{""table"": 2, ""text"": 3}"
Consider games from the 2013 American League Championship Series and the 2018 World Series. Sort the attendance of all these games from highest to lowest. What is the third value in the sorted list?,53114,"{""table"": 2, ""text"": 2}"
What is the difference in attendance between the highest-attended game of the 2006 National League Championship Series and the lowest-attended game of the 2011 National League Championship Series?,12773,"{""table"": 2}"
What was the highest attendance figure recorded for any game played between the Los Angeles Dodgers and the Philadelphia Phillies in the National League Championship Series from 1977 through 2009?,64924,"{""table"": 4, ""text"": 4}"
Sort the Formula One seasons where Michael Schumacher won the Drivers' Championship by the number of races from fewest to most. What is the number of races in the third season in this sorted list?,17,"{""table"": 2, ""text"": 7}"
"How many games involving the Boston Red Sox took place at Fenway Park across the 2018 World Series, the 2013 American League Championship Series, and the 1975 American League Championship Series?",7,"{""table"": 3}"
"What was the highest attendance figure for any game won by the St. Louis Cardinals in the 2006 National League Championship Series, 2011 World Series, or 2013 National League Championship Series?",56357,"{""table"": 3, ""text"": 3}"
Sort Michael Schumacher's Formula One championship seasons from 2002 and 2003 by the number of races from lowest to highest. What is the number of races in the second season in this sorted list?,17,"{""text"": 2, ""table"": 2}"
Sort the Formula One seasons where Michael Schumacher was the Drivers' Champion by the number of races from lowest to highest. What is the number of races in the last season in this sorted list?,18,"{""text"": 7, ""table"": 2}"
"What was the highest attendance recorded for a game involving the Boston Red Sox in the 2018 World Series, 2013 American League Championship Series, or 1975 American League Championship Series?",54400,"{""table"": 3}"
What was the difference in milliseconds between Lewis Hamilton's fastest qualifying lap time at the 2015 Canadian Grand Prix and his fastest qualifying lap time at the 2016 Canadian Grand Prix?,1581,"{""table"": 2, ""text"": 2}"
Sort the players who participated in the 2002 Masters snooker competition by their birth year from youngest to oldest. What is the birth year of the player who ranks fourth in this sorted list?,1974,"{""table"": 8, ""text"": 6, ""infobox"": 2}"
"What was the highest attendance for any single game played by the Boston Red Sox in the 1975 American League Championship Series, 2013 American League Championship Series, or 2018 World Series?",54400,"{""table"": 3}"
"How many games were played at Dodger Stadium during the National League Championship Series matchups between the Los Angeles Dodgers and the Philadelphia Phillies in 1977, 1978, 2008, and 2009?",9,"{""table"": 4, ""text"": 4}"
Sort the games played between the Los Angeles Dodgers and the Philadelphia Phillies by duration from shortest to longest. What is the duration in minutes of the third game in this sorted list?,138,"{""table"": 4, ""text"": 4}"
What is the highest number of Grand Final appearances in the Victorian Football League/Australian Football League achieved by either the Collingwood Football Club or the Fitzroy Football Club?,27,"{""table"": 2}"
"How many games played by the Boston Red Sox in the 2018 World Series, the 2013 American League Championship Series, and the 1975 American League Championship Series took place at Fenway Park?",7,"{""table"": 3}"
"What was the shortest duration in minutes for a game played between the Los Angeles Dodgers and the Philadelphia Phillies in the 1977, 1978, 2008, or 2009 National League Championship Series?",126,"{""table"": 4}"
"How many games were played at Dodger Stadium during the 1977, 1978, 2008, and 2009 National League Championship Series contests between the Los Angeles Dodgers and the Philadelphia Phillies?",9,"{""table"": 4}"
Sort the Formula One seasons where Lewis Hamilton was the Drivers' Champion by the number of races from lowest to highest. What is the number of races in the third season in the sorted list?,20,"{""text"": 5, ""table"": 2}"
"Among the Formula One seasons after 2015 where Lewis Hamilton was champion, sort them by the number of races from fewest to most. What is the number of races in the season that ranks first?",20,"{""text"": 4, ""table"": 2}"
Sort Lewis Hamilton's Formula One championship seasons from 2015 onwards by the number of races from highest to lowest. What is the number of races in the second season in this sorted list?,21,"{""text"": 6, ""table"": 2}"
What is the highest number of Grand Final appearances made by either the Richmond Football Club or the Collingwood Football Club in the Victorian Football League/Australian Football League?,27,"{""table"": 2}"
"How many games played in the 1977, 1978, 2008, and 2009 National League Championship Series between the Los Angeles Dodgers and the Philadelphia Phillies had an attendance exceeding 50,000?",13,"{""table"": 4, ""text"": 4}"
Sort the Formula One seasons when Michael Schumacher was Drivers' Champion by the number of races from lowest to highest. What is the number of races in the third season in the sorted list?,17,"{""text"": 7, ""table"": 2}"
"Sorting all the games played between the LA Dodgers and the Philadelphia Phillies by duration from shortest to longest, what is the duration in minutes of the third game in the sorted list?",138,"{""table"": 4}"
Sort the total attendance for the St. Louis Cardinals playoff series by the total attendance from lowest to highest. What is the total attendance for the second series in this sorted list?,267570,"{""table"": 5}"
"What is the total number of games played by the Boston Red Sox across the 2018 World Series, the 2013 American League Championship Series, and the 1975 American League Championship Series?",14,"{""table"": 3}"
"What was the total attendance for games played at Fenway Park during the 1975 American League Championship Series, the 2013 American League Championship Series, and the 2018 World Series?",263316,"{""table"": 3}"
Consider the durations in years of the roles listed for John Eldon Gorst and James Bryce. Sort all these durations from longest to shortest. What is the fifth duration in the sorted list?,7,"{""table"": 2, ""text"": 2}"
"What was the third lowest attendance for a game played between the Los Angeles Dodgers and the Philadelphia Phillies in the 1977, 1978, 2008, and 2009 National League Championship Series?",45883,"{""table"": 4, ""text"": 4}"
"Sort Lewis Hamilton's Q3 qualifying times at the Canadian Grand Prix in 2015 and 2016 from fastest to slowest, represented in milliseconds. What is the second value in this sorted list?",74393,"{""table"": 2}"
Sort the attendance figures for all games in the 1975 and 2013 American League Championship Series and the 2018 World Series from lowest to highest. What is the third lowest attendance?,38029,"{""table"": 3}"
Sort the championship seasons won by both Lewis Hamilton and Mercedes by the number of races from highest to lowest. What is the number of races in the third season in this sorted list?,20,"{""text"": 6, ""table"": 2}"
How many games were played in the National League Championship Series between the Los Angeles Dodgers and the Philadelphia Phillies across the years for which game details are provided?,18,"{""table"": 4, ""text"": 4}"
"How many games were contested between the Los Angeles Dodgers and the Philadelphia Phillies in the National League Championship Series across the years 1977, 1978, 1983, 2008, and 2009?",22,"{""table"": 4, ""text"": 1}"
What is the lowest number of Grand Final appearances for the senior team of either the Richmond or Collingwood football club in the Victorian Football League/Australian Football League?,11,"{""table"": 4}"
"What is the sum of the number of drivers who completed all rounds in the 2002 championship season, excluding the champion, and the number of practice drivers listed for the 2003 season?",24,"{""text"": 1, ""table"": 2}"
Sort the Lewis Hamilton Formula One championship seasons after 2015 by the number of races from lowest to highest. What is the number of races in the second season in this sorted list?,21,"{""text"": 5, ""table"": 2}"
"How many VFL/AFL Senior Grand Finals has Collingwood appeared in since Essendon defeated them in 1911, added to the total number of VFL/AFL Senior Grand Finals Fitzroy has appeared in?",29,"{""table"": 2, ""text"": 5}"
"What is the total number of games played in the National League Championship Series featuring both the Los Angeles Dodgers and the Philadelphia Phillies in 1977, 1978, 2008, and 2009?",18,"{""table"": 4}"
"When sorting the Formula One seasons where Michael Schumacher was the Drivers' Champion by the number of races from lowest to highest, what is the number of races in the third season?",17,"{""text"": 7, ""table"": 2}"
Sort the years Lewis Hamilton and Mercedes both won the championship by the number of races from lowest to highest. What is the number of races in the third year in this sorted list?,20,"{""text"": 8, ""table"": 2}"
Sort the total attendance of the St. Louis Cardinals playoff series from lowest to highest based on available game data. What is the total attendance of the series that ranks third?,301577,"{""table"": 5}"
Sort Lewis Hamilton's Q3 qualifying times for the 2015 and 2016 Canadian Grands Prix from slowest to fastest. What is the Q3 time in seconds for the second time in this sorted list?,72.812,"{""table"": 2}"
Sort the competitors in the 2011 Extreme Sailing Series by their overall points from highest to lowest. What was the overall points total for the team that finished in third place?,60,"{""table"": 1, ""infobox"": 1}"
What is the highest number of senior Victorian Football League/Australian Football League Grand Finals reached by either the Fitzroy Football Club or the Collingwood Football Club?,27,"{""table"": 2, ""text"": 2}"
"When sorting the listed St. Louis Cardinals playoff series by average attendance per game from lowest to highest, how many games were played in the third series in the sorted list?",7,"{""table"": 5}"
Sort the years Michael Schumacher won the Drivers' Championship by the number of races from lowest to highest. What is the number of races in the third season in this sorted list?,17,"{""text"": 7, ""table"": 2}"
"Sort the number of VFL/AFL Grand Final appearances for Fitzroy, Carlton, Melbourne, Essendon, and Collingwood from lowest to highest. What is the third number in this sorted list?",10,"{""table"": 2, ""text"": 26}"
What is the total number of races across all the Formula One World Championship seasons where Lewis Hamilton was the Drivers' Champion and Mercedes was the Constructors' Champion?,100,"{""text"": 8, ""table"": 2}"
Sort all games played between the Los Angeles Dodgers and Philadelphia Phillies by attendance from highest to lowest. What is the attendance of the third game in this sorted list?,63460,"{""table"": 4}"
"Sort Richmond, Collingwood, and Port Adelaide by their number of Championship of Australia wins from highest to lowest. What is the number of wins for the club that ranks second?",3,"{""table"": 2, ""text"": 1}"
How many constructors listed as having practice drivers in the 2003 Formula One World Championship also had main drivers participating in the 2002 Formula One World Championship?,3,"{""table"": 2}"
"What is the smallest number of runner-up finishes in BWF Superseries tournaments among Kamilla Rytter Juhl, Zhao Yunlei, Christinna Pedersen, Tian Qing, Yu Yang, and Wang Xiaoli?",7,"{""table"": 9, ""text"": 2}"
"How many games were played in the National League Championship Series between the Los Angeles Dodgers and the Philadelphia Phillies across the 1977, 1978, 2008, and 2009 seasons?",18,"{""table"": 4}"
"What is the total number of games played between the Los Angeles Dodgers and the Philadelphia Phillies across the 1977, 1978, 2008, and 2009 National League Championship Series?",18,"{""table"": 4}"
Sort the Formula One seasons where Lewis Hamilton was the Drivers' Champion by the number of races from highest to lowest. What is the third number of races in this sorted list?,20,"{""text"": 8, ""table"": 2}"
"What was the highest attendance recorded for a St. Louis Cardinals game played during the 1982, 2006, 2011, or 2013 National League Championship Series or the 2011 World Series?",56357,"{""table"": 5, ""text"": 5}"
What was the highest attendance recorded for any single game played during the National League Championship Series between the Los Angeles Dodgers and the Philadelphia Phillies?,64924,"{""table"": 4}"
"What was the total number of games played in the National League Championship Series between the Los Angeles Dodgers and the Philadelphia Phillies in 1977, 1978, 2008, and 2009?",18,"{""table"": 4}"
"Sort the senior premiership wins for Richmond, Collingwood, and the Sydney Swans from highest to lowest. What is the number of wins for the team that ranks second in this list?",15,"{""table"": 3}"
"What was the highest attendance for any game played during the 1975 American League Championship Series, the 2013 American League Championship Series, or the 2018 World Series?",54400,"{""table"": 3, ""infobox"": 6}"
"What is the total number of games played in the National League Championship Series between the Los Angeles Dodgers and the Philadelphia Phillies in 1977, 1978, 2008, and 2009?",18,"{""table"": 4}"
Sort the Boston Red Sox post-season series wins by the number of games played from fewest to most. What is the number of games played in the second series in this sorted list?,5,"{""table"": 3, ""infobox"": 3}"
"What is the longest duration, in minutes, of a game played between the Los Angeles Dodgers and Philadelphia Phillies in a National League Championship Series from 1978 onward?",242,"{""table"": 3, ""text"": 3}"
Sort the attendance figures for each game of the 2013 American League Championship Series from lowest to highest. What is the attendance of the third game in this sorted list?,38823,"{""table"": 2, ""infobox"": 1}"
Sort the players who won a medal at the 2013 BWF World Championships by height from tallest to shortest. What is the height in meters of the second player in this sorted list?,1.78,"{""table"": 2, ""text"": 3, ""infobox"": 7}"
"What was the longest game duration in minutes for a St. Louis Cardinals game in the 1982, 2006, 2011 (NLCS), 2011 (World Series), or 2013 National League Championship Series?",287,"{""table"": 5}"
What is the total number of games played in the National League Championship Series and World Series that the St. Louis Cardinals won for which game summaries are available?,29,"{""text"": 5, ""table"": 5, ""infobox"": 1}"
"How many games were played in the National League Championship Series between the Los Angeles Dodgers and the Philadelphia Phillies for the years 1977, 1978, 2008, and 2009?",18,"{""table"": 4, ""text"": 4}"
"Among the 2008, 2015, 2017, 2018, and 2019 Formula One seasons, sort the number of races in the seasons Lewis Hamilton won from highest to lowest. What is the third number?",20,"{""text"": 8, ""table"": 2}"
Sort the Lewis Hamilton championship seasons after 2015 by the number of races from lowest to highest. What is the number of races in the second season in this sorted list?,21,"{""text"": 4, ""table"": 2}"
What is the difference between the number of main drivers listed for the 2002 Formula One season and the number of practice drivers listed for the 2003 Formula One season?,16,"{""table"": 2, ""text"": 2}"
"What was the highest attendance figure for any game played in the 2018 World Series, 2013 American League Championship Series, or 1975 American League Championship Series?",54400,"{""table"": 3, ""text"": 3}"
What is the difference in the number of years between the first and last VFL/AFL senior premiership won by Collingwood and the span for Richmond's AFL senior premierships?,21,"{""table"": 2}"
"How many games were played by the Boston Red Sox in the 1975 American League Championship Series, the 2013 American League Championship Series, and the 2018 World Series?",14,"{""table"": 3}"
What was the highest attendance for a game played between the Pittsburgh Pirates and the Cincinnati Reds in the National League Championship Series between 1970 and 1979?,55006,"{""table"": 4, ""text"": 4}"
What was the longest game duration in minutes for any game played by the Boston Red Sox in the 1975 or 2013 American League Championship Series or the 2018 World Series?,440,"{""table"": 3}"
How many more games were played in the 2013 American League Championship Series won by the Boston Red Sox compared to their 1975 American League Championship Series win?,3,"{""table"": 2, ""text"": 2}"
How many games played between the Los Angeles Dodgers and the Philadelphia Phillies in the National League Championship Series had a combined score of more than 10 runs?,9,"{""table"": 4, ""text"": 4}"
What is the total number of times the Richmond and Collingwood senior football clubs were Grand Finalists in the Victorian Football League or Australian Football League?,38,"{""table"": 2}"
"How many games did the Boston Red Sox play across the 1975 American League Championship Series, the 2013 American League Championship Series, and the 2018 World Series?",14,"{""table"": 3}"
How many games between the Los Angeles Dodgers and the Philadelphia Phillies were played at Dodger Stadium in the National League Championship Series from 1977 to 2009?,9,"{""table"": 4}"
What was the duration in minutes of the tenth shortest game played between the Los Angeles Dodgers and Philadelphia Phillies in the National League Championship Series?,179,"{""table"": 4}"
"How many games were played at Fenway Park across the 2018 World Series, the 2013 American League Championship Series, and the 1975 American League Championship Series?",7,"{""table"": 3}"
"Sort the badminton players by the number of tournaments listed for them in 2013, from highest to lowest. What is the number of tournaments for the player ranked third?",5,"{""table"": 9}"
"How many games were played at Fenway Park across the 1975 American League Championship Series, the 2013 American League Championship Series, and the 2018 World Series?",7,"{""table"": 3}"
What was the highest attendance recorded for a game played between the Los Angeles Dodgers and the Philadelphia Phillies during a National League Championship Series?,64924,"{""table"": 4}"
What was the highest attendance number recorded for any game in the National League Championship Series between the Los Angeles Dodgers and the Philadelphia Phillies?,64924,"{""table"": 4}"
What was the greatest attendance at any single game during a National League Championship Series featuring both the Los Angeles Dodgers and the Philadelphia Phillies?,64924,"{""table"": 4}"
Sort the Formula One seasons won by Lewis Hamilton by the number of races from lowest to highest. What is the number of races in the third season in this sorted list?,20,"{""text"": 8, ""table"": 2}"
"How many games did the St. Louis Cardinals play at Busch Stadium across the 1982, 2006, 2011, and 2013 National League Championship Series, and the 2011 World Series?",15,"{""table"": 5}"
How many total games were played across the National League Championship Series competitions that featured both the Los Angeles Dodgers and the Philadelphia Phillies?,18,"{""table"": 4, ""text"": 4}"
"What is the combined number of games played in the 1975 American League Championship Series, the 2013 American League Championship Series, and the 2018 World Series?",14,"{""table"": 3}"
"Among teams that participated in the competition where Fitzroy won the 1944 Grand Final, what is the second highest number of senior premierships won in the VFL/AFL?",13,"{""text"": 3, ""table"": 4}"
What is the greatest number of races held in a Formula One season where Lewis Hamilton won the Drivers' Championship and Mercedes won the Constructors' Championship?,21,"{""text"": 6, ""table"": 2}"
What was the highest attendance figure for any single game played between the Los Angeles Dodgers and Philadelphia Phillies in a National League Championship Series?,64924,"{""table"": 4}"
"What is the difference between the total number of premierships won by St Kilda, Essendon, and Richmond combined, and the number of premierships won by Collingwood?",11,"{""text"": 3, ""table"": 2}"
What is the difference between the greatest and least number of races in a Formula One World Championship season won by both Lewis Hamilton and Mercedes after 2015?,2,"{""text"": 6, ""table"": 2}"
"How many games did the Los Angeles Dodgers win when playing against the Philadelphia Phillies in the 1977, 1978, 2008, and 2009 National League Championship Series?",8,"{""table"": 4}"
"How many games did the Boston Red Sox play in the 2018 World Series, the 2013 American League Championship Series, and the 1975 American League Championship Series?",14,"{""infobox"": 3, ""table"": 3}"
What was the greatest number of spectators at a single game between the Los Angeles Dodgers and the Philadelphia Phillies in a National League Championship Series?,64924,"{""table"": 4}"
What is the combined number of games played in the 2008 and 2009 National League Championship Series between the Los Angeles Dodgers and the Philadelphia Phillies?,10,"{""table"": 2, ""text"": 2}"
What was the largest margin of victory in any game played between the Los Angeles Dodgers and the Philadelphia Phillies in the National League Championship Series?,11,"{""table"": 4}"
What is the largest point difference in a game between the Los Angeles Dodgers and the Philadelphia Phillies in their National League Championship Series matchups?,11,"{""table"": 4}"
What is the combined total number of times the Richmond Football Club and the Collingwood Football Club have finished as runners-up in the VFL or AFL Grand Final?,38,"{""table"": 2}"
What was the difference in the total number of games played between the 2013 American League Championship Series and the 1975 American League Championship Series?,3,"{""table"": 2, ""text"": 2}"
What was the highest attendance figure for a game played in a National League Championship Series featuring the Los Angeles Dodgers and the Philadelphia Phillies?,64924,"{""text"": 4, ""table"": 4}"
What was the longest duration of a single game in any National League Championship Series contested by both the Los Angeles Dodgers and the Philadelphia Phillies?,4:02,"{""text"": 4, ""table"": 4}"
Sort the total number of senior VFL/AFL Grand Final appearances for Collingwood and Richmond from highest to lowest. What is the second number in the sorted list?,11,"{""table"": 2}"
What was the highest attendance figure for any game played between the Los Angeles Dodgers and the Philadelphia Phillies in a National League Championship Series?,64924,"{""table"": 4}"
How many games were played in Philadelphia during the National League Championship Series matchups between the Los Angeles Dodgers and the Philadelphia Phillies?,11,"{""table"": 4, ""text"": 4}"
"How many games were played in the National League Championship Series or World Series won by the St. Louis Cardinals that concluded on or after October 16, 1985?",46,"{""table"": 4, ""text"": 7}"
How many senior premierships did Richmond win in the VFL/AFL competition in years later than Collingwood's first senior premiership year in the same competition?,13,"{""table"": 2}"
How many unique drivers are listed across the main drivers table for the 2002 Formula One season and the practice drivers table for the 2003 Formula One season?,29,"{""text"": 2, ""table"": 2}"
What was the shortest game duration in minutes played between the Los Angeles Dodgers and the Philadelphia Phillies in the National League Championship Series?,126,"{""table"": 4, ""text"": 4}"
"How many games were played at Fenway Park during the 1975 American League Championship Series, 2013 American League Championship Series, and 2018 World Series?",7,"{""table"": 3, ""text"": 3}"
How many years passed between the Boston Red Sox winning the 1975 American League Championship Series and winning the 2013 American League Championship Series?,38,"{""table"": 2}"
How many years passed between Fitzroy's first VFL/AFL senior premiership and the year of the latest VFL/AFL senior premiership won by Collingwood or Richmond?,125,"{""table"": 3, ""text"": 3}"
"Sort the number of VFL/AFL Grand Final appearances for Fitzroy, Richmond, and Sydney Swans from fewest to most. What is the second number in the ordered list?",11,"{""table"": 3}"
"What is the fewest number of games played in a championship or World Series won by the Boston Red Sox among the 1975, 1986, 2004, 2007, 2013, and 2018 series?",3,"{""table"": 3, ""infobox"": 3, ""text"": 2}"
Sort the count of drivers listed in the main qualifying results for the 2015 and 2016 Canadian Grand Prix from smallest to largest. What is the second number?,21,"{""table"": 2, ""text"": 2}"
What was the fifth shortest game duration in minutes when the Los Angeles Dodgers played the Philadelphia Phillies in the National League Championship Series?,156,"{""table"": 4}"
"Among Collingwood, Richmond, and the Sydney Swans, what is the second lowest number of Grand Final appearances each team has made in the VFL/AFL competition?",13,"{""table"": 3, ""text"": 5}"
"How many unique teams participated in the competition during the years Fitzroy won a senior premiership, based on available information about specific clubs?",6,"{""text"": 6, ""table"": 2}"
"What was the tenth highest attendance among the games played by the St. Louis Cardinals during the 1982, 2006, and 2013 National League Championship Series?",52173,"{""table"": 3, ""text"": 3}"
"What is the greatest number of wooden spoons accumulated by a senior team among the Richmond, Collingwood, and Sydney Swans Australian rules football clubs?",11,"{""table"": 3}"
What was the difference in the number of games played between the 2008 National League Championship Series and the 1977 National League Championship Series?,1,"{""table"": 2, ""text"": 2}"
Add together the number of races in the earliest and latest championship seasons won by Michael Schumacher that are described in the available information.,33,"{""table"": 2, ""text"": 4}"
How many games were played between the Los Angeles Dodgers and the Philadelphia Phillies in the National League Championship Series from 1978 through 2009?,14,"{""table"": 3, ""text"": 5}"
"Among the participants in the 2002 Masters snooker tournament who were born in 1980 or earlier, what is the minimum number of matches won in the main draw?",0,"{""text"": 2, ""table"": 2}"
What was the highest attendance for any game played between the Los Angeles Dodgers and the Philadelphia Phillies in a National League Championship Series?,64924,"{""table"": 4, ""text"": 4}"
How many years passed between the first and last National League Championship Series featuring both the Los Angeles Dodgers and the Philadelphia Phillies?,32,"{""table"": 2, ""text"": 2}"
"How many times did Lewis Hamilton achieve pole position at the Canadian Grand Prix in the years 2016 or later, based on the available qualifying results?",1,"{""table"": 2, ""text"": 3}"
What is the maximum number of days a Formula One season lasted when Lewis Hamilton was the Drivers' Champion and Mercedes was the Constructors' Champion?,288,"{""text"": 8, ""table"": 2}"
How many games were played between the Pittsburgh Pirates and the Cincinnati Reds in National League Championship Series that concluded in 1972 or later?,11,"{""text"": 4, ""table"": 3}"
How many races were held in the 2018 Formula One championship where Lewis Hamilton was the Drivers' Champion and Mercedes was the Constructors' Champion?,21,"{""text"": 1, ""table"": 2}"
How many years separate the earliest and latest National League Championship Series featuring both the Los Angeles Dodgers and the Philadelphia Phillies?,32,"{""text"": 5, ""table"": 2}"
How many National League Championship Series featuring both the Los Angeles Dodgers and the Philadelphia Phillies were won by the Philadelphia Phillies?,3,"{""text"": 5, ""table"": 4}"
"In the 2011 Extreme Sailing Series, when teams are ordered from highest overall points to lowest, how many overall points did the fifth team accumulate?",57,"{""table"": 1, ""text"": 1, ""infobox"": 1}"
How many games did the Boston Red Sox win in total across the 1975 American League Championship Series and the 2013 American League Championship Series?,7,"{""table"": 2}"
What is the maximum attendance recorded for a game played between the Pittsburgh Pirates and Cincinnati Reds in the National League Championship Series?,55006,"{""table"": 4}"
"In the National League Championship Series played between the Cincinnati Reds and Pittsburgh Pirates after 1972, how many games went into extra innings?",3,"{""table"": 2, ""text"": 2}"
Sort the duration of the St. Louis Cardinals playoff games listed from shortest to longest. What is the duration of the tenth shortest game in minutes?,184,"{""table"": 5}"
How many years listed as Grand Final appearances for Richmond or South Melbourne had an opponent team that played against Fitzroy in a VFL Grand Final?,3,"{""table"": 2, ""text"": 6}"
Sort the attendance figures for St. Louis Cardinals home playoff games from lowest to highest. What is the fourth attendance figure in the sorted list?,46496,"{""table"": 5}"
"What is the greatest number of races in a Formula One season where Lewis Hamilton and Mercedes both won the championship, for seasons in 2015 or later?",21,"{""text"": 6, ""table"": 2}"
How many times did Richmond win a senior Grand Final against a team that is explicitly stated in the evidence to have won a senior VFL/AFL premiership?,3,"{""table"": 2, ""text"": 7}"
What is the difference in years between the most recent senior premiership won by Collingwood and the most recent senior premiership won by Richmond?,3,"{""table"": 2}"
How many total games were played in the best-of-five National League Championship Series featuring the Los Angeles Dodgers and Philadelphia Phillies?,12,"{""text"": 5, ""table"": 4}"
How many games were played between the Los Angeles Dodgers and the Philadelphia Phillies in the National League Championship Series starting in 1978?,14,"{""table"": 3, ""text"": 4}"
What was the minimum number of milliseconds Lewis Hamilton took for his fastest qualifying lap at the Canadian Grand Prix in the years 2015 and 2016?,72812,"{""table"": 2, ""text"": 2}"
"Among John Eldon Gorst, James Bryce, and M. E. Grant Duff, what was the longest duration in years of any single political or official position held?",24,"{""table"": 2, ""text"": 1}"
"What was the longest game duration in hours and minutes for any game played by the St. Louis Cardinals in the 2006, 2011, or 2013 postseason series?",4:47,"{""table"": 3}"
Sort the attendance figures for playoff games involving the St. Louis Cardinals from highest to lowest. What is the fifth highest attendance figure?,53992,"{""table"": 5}"
How many days were in the American League Championship Series where the Boston Red Sox played a game at the stadium formerly known as Jacobs Field?,10,"{""text"": 3, ""table"": 2}"
"What was the attendance of the earliest game played at Fenway Park across the 1975, 2013, and 2018 postseason series involving the Boston Red Sox?",35578,"{""table"": 3, ""text"": 3}"
"After the year that Geelong defeated Hawthorn in the Grand Final, how many more Grand Final appearances did Collingwood have compared to Richmond?",9,"{""text"": 1, ""table"": 2}"
How many games did the Philadelphia Phillies win across all National League Championship Series where they played against the Los Angeles Dodgers?,13,"{""infobox"": 2, ""text"": 1, ""table"": 2}"
How many games were played between the Cincinnati Reds and the Pittsburgh Pirates in National League Championship Series from 1972 through 1979?,11,"{""table"": 3, ""text"": 3}"
"Across the World Series and American League Championship Series competitions won by the Boston Red Sox, how many games were held at Fenway Park?",7,"{""infobox"": 3, ""table"": 3}"
"Among the attendance figures for games played by the Boston Red Sox listed in the provided series summaries, what was the second highest number?",54367,"{""table"": 3}"
How many games were played between the Pittsburgh Pirates and the Cincinnati Reds in the National League Championship Series from 1972 onwards?,11,"{""text"": 4, ""table"": 4}"
How many constructors listed in the 2002 season driver table are also listed as constructors that employed practice drivers in the 2003 season?,3,"{""table"": 2}"
How many times have the Los Angeles Dodgers and the Philadelphia Phillies competed against each other in a National League Championship Series?,5,"{""text"": 5, ""table"": 2}"
How many football clubs based in Melbourne and mentioned in the provided information competed in a Grand Final that Geelong Football Club won?,3,"{""table"": 2, ""text"": 8}"
"Among the senior teams of the clubs whose premierships are detailed in the two records, what is the highest number of Grand Final appearances?",27,"{""table"": 2}"
How many years passed between the St. Louis Cardinals' 1982 National League Championship Series win and their 2011 World Series championship?,29,"{""table"": 2, ""text"": 3}"
What is the difference in the number of years between the first and last VFL/AFL senior premiership won by Collingwood and the Sydney Swans?,18,"{""table"": 2}"
"What is the longest duration in minutes of any St. Louis Cardinals playoff game from their 1982, 2006, 2011, or 2013 postseason appearances?",287,"{""table"": 5}"
What was the difference in the number of races between Michael Schumacher's final and first Formula One World Championship winning seasons?,2,"{""text"": 2, ""table"": 2}"
What is the difference between the highest and lowest number of races in a Formula One World Championship season won by Michael Schumacher?,2,"{""text"": 14, ""table"": 2}"
What is the combined number of Victorian Football League or Australian Football League Grand Final appearances for Fitzroy and Collingwood?,32,"{""table"": 2}"
"What was the difference in game duration, in minutes, between the shortest game in the 1977 series and the longest game in the 2009 series?",108,"{""table"": 2, ""text"": 2}"
What was the largest number of drivers listed as participating in the qualifying session of the Canadian Grand Prix in either 2015 or 2016?,22,"{""table"": 2, ""text"": 2}"
How many times did Lewis Hamilton achieve pole position in the Canadian Grand Prix qualifying sessions described in the available records?,2,"{""table"": 2}"
What was the lowest world ranking at the start of the 2001/02 season for a player who participated in the 2002 Masters snooker tournament?,2,"{""table"": 7}"
"What is the maximum number of Grand Finals reached by any of the following teams: Richmond, Collingwood, Essendon, St Kilda, or Hawthorn?",27,"{""table"": 2, ""text"": 6}"
What was the largest attendance figure recorded for a St. Louis Cardinals game in a National League Championship Series or World Series?,56357,"{""table"": 5, ""text"": 3}"
What is the greatest number of races in any Formula One season Michael Schumacher won the Drivers' Championship between 2000 and 2004?,18,"{""text"": 5, ""table"": 2}"
What is the total number of races held across the 2018 and 2019 Formula One seasons in which Lewis Hamilton was the Drivers' Champion?,42,"{""text"": 2, ""table"": 2}"
"What is the maximum number of senior VFL/AFL Grand Final appearances among the Richmond, Collingwood, and Sydney Swans football clubs?",27,"{""table"": 3}"
How many unique main drivers participated in the Formula One season where Michael Schumacher secured his fifth Drivers' Championship?,23,"{""text"": 7, ""table"": 2}"
How many more Grand Finals did Collingwood lose compared to Richmond before the year that Fitzroy defeated Richmond in a Grand Final?,4,"{""text"": 1, ""table"": 2}"
"What was Lewis Hamilton's slowest qualifying lap time, measured in milliseconds, across the 2015 and 2016 Canadian Grand Prix events?",75895,"{""table"": 2}"
What is the difference between the greatest and fewest number of games played in a postseason series won by the St. Louis Cardinals?,4,"{""table"": 5, ""text"": 2}"
"What is the total number of games played at Fenway Park across the 1975, 2013, and 2018 playoff series involving the Boston Red Sox?",7,"{""table"": 3, ""infobox"": 3}"
What is the greatest number of races in a Formula One season where Lewis Hamilton and Mercedes were both world champions after 2015?,21,"{""text"": 6, ""table"": 2}"
What is the combined number of races in Michael Schumacher's Formula One championship seasons for which driver tables are provided?,33,"{""text"": 7, ""table"": 2}"
What is the difference in years between the earliest and latest National League Championship Series won by the St. Louis Cardinals?,31,"{""table"": 3, ""text"": 4, ""infobox"": 1}"
How many playoff series where the Boston Red Sox participated had at least one game played at Progressive Field or its former name?,1,"{""text"": 2, ""table"": 3}"
What is the greatest number of Grand Final appearances made by either the Richmond Football Club or the Collingwood Football Club?,27,"{""table"": 2}"
How many years passed between the year St Kilda lost a Grand Final to Fitzroy and the year Richmond lost a Grand Final to Fitzroy?,31,"{""text"": 2, ""table"": 2}"
"Among the Australian Football League teams for which data is available, what is the smallest number of wooden spoons any team has?",2,"{""table"": 3}"
How many times have the Los Angeles Dodgers and Philadelphia Phillies faced each other in the National League Championship Series?,5,"{""text"": 5, ""table"": 3}"
"What was the highest attendance figure recorded for any single game during the 1975, 2013, or 2018 Boston Red Sox playoff series?",54400,"{""table"": 3}"
What is the highest number of races that occurred in a Formula One season where Michael Schumacher won the Drivers' Championship?,18,"{""text"": 14, ""table"": 2}"
What is the difference in years between the longest gaps in senior premierships for the Richmond and Collingwood football clubs?,5,"{""table"": 2}"
How many teams that competed in a sporting event won by the Geelong Football Club have their headquarters located in Melbourne?,3,"{""text"": 6, ""table"": 2}"
How many games were played in the National League Championship Series won by the St. Louis Cardinals in 2011 and 2013 combined?,12,"{""table"": 2, ""text"": 2, ""infobox"": 1}"
What was the highest attendance for a game won by the Boston Red Sox in a championship series that concluded in or before 2018?,54400,"{""table"": 3, ""infobox"": 3}"
What is the third highest attendance figure for a game played by the Boston Red Sox among games listed with attendance details?,53114,"{""table"": 3}"
How many teams that competed in a sporting event won by the Geelong Football Club have their headquarters located in Melbourne?,3,"{""text"": 3, ""table"": 2}"
What is the difference between the total number of senior premierships won by Collingwood and the total number won by Richmond?,2,"{""table"": 2}"
"How many games were played at Fenway Park across the Boston Red Sox's 1975 ALCS, 2013 ALCS, and 2018 World Series appearances?",7,"{""table"": 3}"
"What is the highest number of senior Grand Final appearances among the Richmond, Collingwood, and Sydney Swans football clubs?",27,"{""table"": 3}"
What is the total number of races held in the Formula One seasons where Lewis Hamilton and Mercedes both won the championship?,81,"{""text"": 6, ""table"": 2}"
What is the greatest number of rounds any single driver participated in among those listed in the 2002 and 2003 driver tables?,17,"{""table"": 2, ""text"": 1}"
How many of the football clubs for which Grand Final appearances are listed have played against Collingwood in a Grand Final?,2,"{""table"": 3, ""text"": 4}"
How many drivers listed as competing in the 2002 Formula One season were also listed as practice drivers in the 2003 season?,1,"{""table"": 2}"
"What is the third highest number of senior premierships won by Collingwood, Richmond, Essendon, St Kilda, and Port Adelaide?",14,"{""table"": 2, ""text"": 4}"
How many more times has Collingwood's senior team been a Grand Finalist in the main competition than Richmond's senior team?,16,"{""table"": 2}"
What is the smallest number of races in a Formula One season where Lewis Hamilton won the Drivers' Championship after 2015?,20,"{""text"": 4, ""table"": 2}"
How many total games were played in the two most recent National League Championship Series won by the St. Louis Cardinals?,12,"{""infobox"": 1, ""table"": 2, ""text"": 5}"
"Among the games played in the 1975 ALCS, 2013 ALCS, and 2018 World Series, what is the third shortest game time in minutes?",160,"{""table"": 3}"
What was the highest attendance for any single game played by the Boston Red Sox in a postseason competition through 2018?,54400,"{""table"": 3}"
How many times did the pair of Zhao Yunlei and Tian Qing win a BWF Superseries tournament against Wang Xiaoli and Yu Yang?,4,"{""table"": 2, ""text"": 4}"
What is the fewest number of races held in a Formula One season where Lewis Hamilton was the Drivers' Champion after 2015?,20,"{""text"": 4, ""table"": 2}"
How many Australian rules football teams based in Melbourne have competed in a Grand Final that Geelong Football Club won?,3,"{""text"": 5, ""table"": 2}"
What was the highest number of drivers competing in a Formula One season where Lewis Hamilton won the World Championship?,22,"{""text"": 6, ""table"": 2}"
What is the earliest birth year among individuals who worked for Brentford Football Club and were born in or before 1956?,1937,"{""infobox"": 1, ""text"": 2, ""table"": 1}"
What is the highest number of races held in a Formula One season where Michael Schumacher won the Drivers' Championship?,18,"{""text"": 14, ""table"": 2}"
"Among games played at Fenway Park during the 1975, 2013, and 2018 playoff series, what was the third highest attendance?",38454,"{""table"": 3}"
What was the difference in the total number of years John Eldon Gorst and James Bryce served as a Member of Parliament?,6,"{""table"": 2}"
What is the total number of games played in the Boston Red Sox's two most recent championship series victories listed?,11,"{""table"": 2, ""infobox"": 3, ""text"": 2}"
"What is the second highest number of Championship of Australia titles won by Richmond, Collingwood, and Port Adelaide?",3,"{""table"": 2, ""text"": 1}"
What is the second highest number of races in a season when Michael Schumacher won the Formula One World Championship?,17,"{""text"": 6, ""table"": 2}"
How many players mentioned in the evidence reached at least the quarter-finals of the 2002 Masters snooker tournament?,4,"{""table"": 9, ""text"": 3}"
What is the difference between the number of VFL/AFL Grand Finals lost by Collingwood and the number lost by Richmond?,16,"{""table"": 2, ""text"": 1}"
What was the fastest Q3 qualifying time achieved by Lewis Hamilton at the Canadian Grand Prix between 2015 and 2016?,1:12.812,"{""table"": 2, ""text"": 2}"
How many teams finished with a worse overall rank than Emirates Team New Zealand in the 2011 Extreme Sailing Series?,8,"{""infobox"": 1, ""table"": 1}"
What is the greatest number of races in a Formula One season where Michael Schumacher won the Drivers' Championship?,18,"{""text"": 6, ""table"": 2}"
"What is the highest number of times among Richmond, Fitzroy, and Sydney Swans that a club has been a Grand Finalist?",13,"{""table"": 3}"
How many of Lewis Hamilton's Formula One championship seasons that started in 2015 or later had more than 20 races?,2,"{""text"": 6, ""table"": 2}"
"What was the highest attendance for a St. Louis Cardinals postseason game in the 1982, 2006, 2011, or 2013 series?",56357,"{""table"": 5}"
What is the maximum number of races in a Formula One season where Lewis Hamilton and Mercedes were both champions?,21,"{""text"": 5, ""table"": 2}"
What was the fastest qualifying lap time set by Lewis Hamilton at the Canadian Grand Prix in either 2015 or 2016?,1:12.812,"{""table"": 2, ""text"": 2}"
What is the greatest number of races held in a Formula One season where Lewis Hamilton was the Drivers' Champion?,21,"{""text"": 9, ""table"": 2}"
What was the highest number of points Luna Rossa scored in any single Act during the 2011 Extreme Sailing Series?,5,"{""table"": 1, ""text"": 1, ""infobox"": 1}"
What is the combined number of senior VFL or AFL premierships won by the Richmond and Collingwood football clubs?,29,"{""table"": 2, ""text"": 2}"
How many Formula One World Championships did Michael Schumacher win before the season which featured 23 drivers?,4,"{""text"": 7, ""table"": 2}"
What is the maximum number of years a Member of Parliament who also served on the Privy Council held an MP seat?,24,"{""table"": 2, ""text"": 4}"
What is the fewest number of races in a Formula One season where Lewis Hamilton won the championship after 2015?,20,"{""text"": 5, ""table"": 2}"
"Considering the senior teams of Richmond and Collingwood, what is the highest number of Grand Final appearances?",27,"{""table"": 2}"
How many drivers who competed in the 2002 Formula One season are listed as practice drivers in the 2003 season?,1,"{""table"": 2}"
How many baseball championship series involving the Boston Red Sox included a game played at Progressive Field?,1,"{""text"": 2, ""table"": 3}"
How many more senior premierships has the Collingwood Football Club won compared to the Richmond Football Club?,2,"{""table"": 2, ""text"": 2}"
How many games were played at Dodger Stadium in the 1978 and 2008 National League Championship Series combined?,5,"{""table"": 2, ""text"": 2}"
What is the maximum number of races in a Formula One season where Michael Schumacher was the Drivers' Champion?,18,"{""text"": 14, ""table"": 2}"
What was the lowest ranking at the start of the 2001/02 season for any player who competed in the 2002 Masters?,2,"{""table"": 7}"
How many players born in the 1970s reached at least the quarter-finals in the 2002 Masters snooker competition?,2,"{""table"": 3, ""text"": 5}"
What is the greatest number of races in a season where Lewis Hamilton won the Drivers' Championship after 2015?,21,"{""text"": 3, ""table"": 2}"
What was the highest number of goals kicked by the leading goalkicker for the Sydney Swans in a single season?,150,"{""table"": 2}"
How many BWF Superseries tournaments did Kamilla Rytter Juhl and Christinna Pedersen win together before 2015?,3,"{""table"": 2, ""text"": 1}"
How many times did Lewis Hamilton achieve pole position at the Canadian Grand Prix in the years 2015 and 2016?,2,"{""table"": 2}"
How many players born before 1970 reached at least the quarter-finals of the 2002 Masters snooker tournament?,2,"{""text"": 4, ""table"": 2}"
"What is the combined total number of games played in the 1975 ALCS, the 2013 ALCS, and the 2018 World Series?",14,"{""table"": 3}"
What is the sum of the years for which Lewis Hamilton's Canadian Grand Prix qualifying results are available?,4031,"{""table"": 2, ""text"": 2}"
What is the greatest number of races in a Formula One season where Lewis Hamilton was the Drivers' Champion?,21,"{""text"": 8, ""table"": 2}"
How many consecutive Formula One World Championships did Michael Schumacher win starting with the year 2000?,5,"{""text"": 5, ""table"": 2}"
How many more races were in Michael Schumacher's 2002 championship season than his 2003 championship season?,1,"{""text"": 5, ""table"": 2}"
How many games were played in the latest National League Championship Series won by the St. Louis Cardinals?,6,"{""text"": 6, ""infobox"": 1, ""table"": 1}"
What is the minimum number of races in a Formula One season where Lewis Hamilton was the Drivers' Champion?,18,"{""text"": 9, ""table"": 2}"
How many games were played in an opponent's venue during the championship series won by the Boston Red Sox?,7,"{""infobox"": 3, ""table"": 3, ""text"": 2}"
What is the minimum number of races in a Formula One season where Lewis Hamilton was the Drivers' Champion?,18,"{""text"": 8, ""table"": 2}"
What is the fewest number of games the St. Louis Cardinals played in any championship series that they won?,3,"{""table"": 3, ""text"": 4, ""infobox"": 1}"
How many times did Lewis Hamilton achieve first position at the Canadian Grand Prix in either 2015 or 2016?,2,"{""table"": 2, ""text"": 2}"
"What is the greatest number of VFL or AFL Grand Finals lost by Richmond, Collingwood, or the Sydney Swans?",27,"{""table"": 3, ""text"": 3}"
What was the highest number of appearances Paul Smith made in a single season while playing for Brentford?,51,"{""table"": 1, ""text"": 1, ""infobox"": 1}"
What is the maximum number of rounds any driver listed in the 2002 or 2003 driver entries participated in?,17,"{""table"": 2, ""text"": 1}"
What is the highest number of Grand Final appearances between the Richmond and Collingwood football clubs?,27,"{""table"": 2}"
What was the highest attendance for any game in a baseball championship series won by the Boston Red Sox?,54400,"{""text"": 3, ""table"": 3}"
How many years are between the earliest and latest dates of a St. Louis Cardinals playoff series found?,29,"{""text"": 2, ""table"": 2}"
How many teams were defeated by Fitzroy FC in a VFL/AFL Grand Final based on the available information?,2,"{""text"": 2, ""table"": 2}"
What is the highest number of Grand Final losses recorded for a single Australian rules football club?,27,"{""table"": 2, ""text"": 1}"
How many constructors listed for the 2002 season also had practice drivers listed for the 2003 season?,3,"{""table"": 2}"
How many of Lewis Hamilton's Formula One championship seasons from 2015 onwards had exactly 21 races?,2,"{""text"": 6, ""table"": 2}"
How many more BWF Superseries titles did Yu Yang win in 2011 compared to Kamilla Rytter Juhl in 2012?,8,"{""table"": 2, ""text"": 2}"
What is the combined total number of races held in the 2018 and 2019 Formula One World Championships?,42,"{""table"": 2, ""text"": 2}"
What was the fastest qualifying lap time Lewis Hamilton recorded during the 2016 Canadian Grand Prix?,1:12.812,"{""table"": 2, ""text"": 1}"
What is the highest number of wooden spoons recorded for the senior teams of Richmond or Collingwood?,7,"{""table"": 2}"
How many unique pairs won a medal in the women's doubles event at the 2013 BWF World Championships?,4,"{""infobox"": 4, ""text"": 2, ""table"": 2}"
How many times did Lewis Hamilton achieve pole position at the Canadian Grand Prix in 2015 or 2016?,2,"{""table"": 2}"
How many unique drivers are listed across the provided driver lists for the 2002 and 2003 seasons?,29,"{""table"": 2}"
How many VFL/AFL premierships did Collingwood win after Fitzroy won its last VFL/AFL premiership?,5,"{""table"": 2, ""text"": 2}"
What was the highest attendance at a game in a postseason series won by the St. Louis Cardinals?,56357,"{""table"": 2, ""text"": 2}"
How many races were held in total across Lewis Hamilton's championship seasons in 2018 and 2019?,42,"{""text"": 2, ""table"": 2}"
How many baseball competitions did the St. Louis Cardinals win that concluded in 1985 or later?,7,"{""text"": 3, ""table"": 4}"
How many VFL/AFL premierships did Essendon win after defeating Fitzroy in the 1923 Grand Final?,5,"{""text"": 6, ""table"": 2}"
How many seasons where Michael Schumacher was the Drivers' Champion featured seventeen races?,4,"{""text"": 8, ""table"": 2}"
How many baseball post-season series did the Boston Red Sox win that began on or before 2018?,3,"{""infobox"": 3, ""table"": 3}"
What was the highest attendance recorded at Fenway Park for a Boston Red Sox postseason game?,38823,"{""table"": 3}"
"How many playoff games involving the St. Louis Cardinals had an attendance exceeding 50,000?",13,"{""table"": 5, ""text"": 5}"
How many participants in the 2002 Masters snooker competition were born in 1980 or earlier?,9,"{""table"": 2, ""text"": 6}"
How many individuals associated with Brentford Football Club were born in the 20th century?,5,"{""text"": 4, ""infobox"": 1, ""table"": 1}"
How many Formula One championship seasons won by Lewis Hamilton included exactly 21 races?,2,"{""text"": 2, ""table"": 2}"
What is the greatest number of races in a Formula One season that Michael Schumacher won?,18,"{""table"": 2, ""text"": 6}"
What was the highest attendance for a St. Louis Cardinals game among the listed series?,56357,"{""table"": 5}"
How many championship seasons did Lewis Hamilton win that included more than 20 races?,2,"{""text"": 6, ""table"": 2}"
What was the shortest game duration in minutes for a St. Louis Cardinals playoff game?,145,"{""table"": 5}"
What is the number of snooker players who participated in the 2002 Masters tournament?,12,"{""table"": 7, ""text"": 4}"
How many times did Richmond and Collingwood play against each other in a Grand Final?,6,"{""table"": 2, ""text"": 2}"
How many of Lewis Hamilton's Formula One championship seasons had more than 20 races?,2,"{""text"": 9, ""table"": 2}"
How many National League Championship Series titles did the St. Louis Cardinals win?,6,"{""text"": 5, ""table"": 2, ""infobox"": 1}"
What is the total number of races held across the 2018 and 2019 Formula One seasons?,42,"{""table"": 2}"
How many more senior Grand Finals has Collingwood appeared in compared to Richmond?,16,"{""table"": 2}"
How many badminton players mentioned competed in the 2013 BWF World Championships?,7,"{""text"": 3, ""table"": 6}"
How many games were played at Fenway Park in the most recent World Series listed?,2,"{""infobox"": 1, ""table"": 1}"
What is the highest attendance recorded for a St. Louis Cardinals playoff game?,56357,"{""table"": 5, ""text"": 1}"
What was the maximum number of competitors in the 2011 Extreme Sailing Series?,11,"{""table"": 1, ""infobox"": 1}"
How many times did Michael Schumacher win the Formula One World Championship?,7,"{""text"": 7, ""table"": 2}"
How many badminton players won a medal at the 2013 BWF World Championships?,7,"{""text"": 3, ""infobox"": 2, ""table"": 2}"
How many athletes earned a medal at the 2013 Guangzhou World Championship?,7,"{""text"": 4, ""table"": 4}"
How many races were held across the Formula One seasons in 2018 and 2019?,42,"{""table"": 2}"
What was the highest attendance for a St. Louis Cardinals playoff game?,56357,"{""table"": 5}"
What is the highest number of Grand Final appearances by a senior team?,27,"{""table"": 2, ""text"": 2}"
How many Canadian Grand Prix events mentioned took place before 2017?,5,"{""text"": 6, ""table"": 2}"
How many different teams have defeated Collingwood in a Grand Final?,6,"{""text"": 6, ""table"": 2}"
What is the highest number of wooden spoons a team has recorded?,11,"{""table"": 3}"
How many distinct drivers are listed in the provided tables?,29,"{""table"": 2}"
