question,gold_answer,KG answer,file_path
"What is the name of the ghostwriter of the first book in the Hardy Boys series, The Tower Treasure",Leslie McFarlane,Leslie McFarlane (lang:en),ComplexQA/CompMix_table_complex/00012.json
What is the name of the author of the book Treasure Island,Robert Louis Stevenson,Robert Louis Stevenson (lang:en),ComplexQA/CompMix_infobox_complex/00283.json
who was the director for the Movie Batman v Superman: Dawn of Justice?,Zack Snyder,Zack Snyder (lang:en),SimpleQA/CompMix_table_simple_qa/00041.json
Who is the director of the first movie of the The Expendables series,Sylvester Stallone,Sylvester Stallone (lang:en),ComplexQA/CompMix_table_complex/00188.json
What is the name of the writer of the book The Subtle Knife,Philip Pullman,Philip Pullman (lang:en),ComplexQA/CompMix_infobox_complex/00142.json
Who is the author of the Eragon book?,Christopher Paolini,Christopher Paolini (lang:en),SimpleQA/CompMix_table_simple_qa/00029.json
What is the name of the Tom Tom Club's first studio album,Tom Tom Club,Tom Tom Club (lang:en),ComplexQA/CompMix_table_complex/00209.json
What was the name of the author of the book on which the movie The Notebook was based on,Nicholas Sparks,Nicholas Sparks (lang:en),ComplexQA/CompMix_infobox_complex/00009.json
what is the original tittle of the book  Crime and Punishment book,Преступленіе и наказаніе,Преступленіе и наказаніе (lang:ru-petr1708),ComplexQA/CompMix_infobox_complex/00122.json
Name of the book published in 2002 in Dragonriders of Pern series,A Gift of Dragons,A Gift of Dragons (lang:en),ComplexQA/CompMix_infobox_complex/00220.json
Who wrote the book upon which the film Kramer vs. Kramer was based,Avery Corman,Avery Corman (lang:en),ComplexQA/CompMix_infobox_complex/00139.json
What is the name of the original broadcaster in The Following series,Fox Broadcasting Company,Fox Broadcasting Company (lang:en),ComplexQA/CompMix_infobox_complex/00214.json
who is the author of the book the Tale of peter Rabbit,Beatrix Potter,Beatrix Potter (lang:en),ComplexQA/CompMix_infobox_complex/00262.json
Who directs the tv series Barbarians?,Barbara Eder,Barbara Eder (lang:en),SimpleQA/CompMix_table_simple_qa/00247.json
What is the name of the last movie in the Bourne series,Jason Bourne,"Jason Bourne (lang:en)
Jason Bourne (lang:en)
Jason Bourne (lang:en)",ComplexQA/CompMix_table_complex/00226.json
Who was the director of the 1984 A Nightmare on Elm Street,Wes Craven,"Wes Craven (lang:en)
Wes Craven (lang:en-ca)
Wes Craven (lang:en-gb)
Wes Craven (lang:en)
Wes Craven (lang:en-ca)
Wes Craven (lang:en-gb)
Wes Craven (lang:en)
Wes Craven (lang:en-ca)
Wes Craven (lang:en-gb)",ComplexQA/CompMix_table_complex/00230.json
What is the name of production company for the TV series Breaking Bad,Sony Pictures Television,Sony Pictures Television (lang:en),ComplexQA/CompMix_infobox_complex/00181.json
What is the name of the person who hosts Survivor in the US,Jeff Probst,Jeff Probst (lang:en),ComplexQA/CompMix_infobox_complex/00154.json
What is Paolo Maldini's surname?,Maldini,Maldini (lang:en),SimpleQA/CompMix_table_simple_qa/00264.json
"Who was the author of the novel Airport, the source material for the 1970 film of the same name",Arthur Hailey,Arthur Hailey (lang:en),ComplexQA/CompMix_infobox_complex/00004.json
Who is the director of the The Hobbit: The Desolation of Smaug,Peter Jackson,Peter Jackson (lang:en),ComplexQA/CompMix_infobox_complex/00192.json
What is the name of the chef that won the Master Chef Australia season twelve,Emelia Jackson,Emelia Jackson (lang:en),ComplexQA/CompMix_table_complex/00086.json
What is Game of Thrones based on?,A Song of Ice and Fire,A Song of Ice and Fire (lang:en),SimpleQA/CompMix_table_simple_qa/00262.json
What is the name of the first novel of Percy Jackson and the Olympians,The Lightning Thief,The Lightning Thief (lang:en),ComplexQA/CompMix_infobox_complex/00083.json
What movie was directed by Shane black in the year 2005,Kiss Kiss Bang Bang,Kiss Kiss Bang Bang (lang:en),ComplexQA/CompMix_table_complex/00293.json
What was the original language of the All of Us Are Dead film or television show,Korean,Korean (lang:en),ComplexQA/CompMix_infobox_complex/00046.json
What is the name of the captain of the Croatia national association football team,Luka Modrić,Luka Modrić (lang:en),ComplexQA/CompMix_infobox_complex/00110.json
In which city is Millennium Stadium located?,Cardiff,Cardiff (lang:en),SimpleQA/CompMix_table_simple_qa/00275.json
"Who is the director of The Chronicles of Narnia: The Lion, the Witch and the Wardrobe",Andrew Adamson,Andrew Adamson (lang:en),ComplexQA/CompMix_table_complex/00050.json
Director of the first part The Curse of the Black Pearl  in the flim Pirates of the Caribbean,Gore Verbinski,Gore Verbinski (lang:en),ComplexQA/CompMix_table_complex/00025.json
Who is the director of photography of the movie The Matrix Revolutions,Bill Pope,Bill Pope (lang:en),ComplexQA/CompMix_infobox_complex/00293.json
What is the name of Percy Jackson's mother?,Sally Jackson,Sally Jackson (lang:en),SimpleQA/CompMix_table_simple_qa/00178.json
What is the second book of A Song of Ice and Fire,A Clash of Kings,A Clash of Kings (lang:en),ComplexQA/CompMix_infobox_complex/00226.json
What is the genre of the tv series On the Wings of Love,romantic comedy,romantic comedy (lang:en),ComplexQA/CompMix_infobox_complex/00152.json
What is the name of the The Next Three Days film director,Paul Haggis,Paul Haggis (lang:en),ComplexQA/CompMix_infobox_complex/00250.json
What is the language of work of the book The Name of the Rose,Italian,Italian (lang:en),ComplexQA/CompMix_infobox_complex/00082.json
What was the name of director who directed Fruitvale Station English Movie,Ryan Coogler,Ryan Coogler (lang:en),ComplexQA/CompMix_infobox_complex/00191.json
What is the name of the director of the film A Night at the Opera,Sam Wood,Sam Wood (lang:en),ComplexQA/CompMix_infobox_complex/00069.json
"In what county is Highclere Castle, used in the TV Show Downton Abbey, actually located in",Hampshire,"Hampshire (lang:en)
Hampshire (lang:en)",ComplexQA/CompMix_infobox_complex/00047.json
What is the prequel to the movie Mad Max Beyond Thunderdome?,Mad Max 2,Mad Max 2 (lang:en),SimpleQA/CompMix_table_simple_qa/00204.json
What is the title of the first book in the Jack Reacher series,Killing Floor,Killing Floor (lang:en),ComplexQA/CompMix_table_complex/00168.json
"In Bueno Aires, the Superclasico refers to the rivalry between which two clubs",Boca Juniors;River Plate,"Club Atlético River Plate
Boca Juniors",ComplexQA/CompMix_infobox_complex/00163.json
What is the country of origin for the serial All of Us Are Dead,South Korea,South Korea (lang:en),ComplexQA/CompMix_infobox_complex/00112.json
Who are the creators of the TV show The Big Bang Theory,Chuck Lorre;Bill Prady,"Chuck Lorre|Chuck Lorre (lang:en)
Bill Prady|Bill Prady (lang:en)",ComplexQA/CompMix_infobox_complex/00252.json
What is the language of work of the book The Little Prince,French,French (lang:en),ComplexQA/CompMix_infobox_complex/00285.json
"The book, In Search of Lost Time was originally written in which language",French,French (lang:en),ComplexQA/CompMix_infobox_complex/00121.json
"In what language was the book, In Search of Lost Time first written",French,French (lang:en),ComplexQA/CompMix_infobox_complex/00131.json
what was the name of two vocal artist of Rain on Me,"Lady Gaga,Ariana Grande","Ariana Grande (lang:en)
Lady Gaga (lang:en)",ComplexQA/CompMix_infobox_complex/00228.json
Who is the original broadcaster of the Under the Dome television series,CBS,CBS (lang:en),ComplexQA/CompMix_infobox_complex/00279.json
What is the birth place of Justin Bieber?,London,London (lang:en),SimpleQA/CompMix_table_simple_qa/00132.json
What's the name of the theme song for the first season of True Detective,Far from Any Road,Far From Any Road (lang:en),ComplexQA/CompMix_infobox_complex/00080.json
Who is the publisher of the book The Monk Who Sold His Ferrari,HarperCollins,HarperCollins (lang:en),ComplexQA/CompMix_infobox_complex/00129.json
Peaky Blinders web series is from?,United Kingdom,United Kingdom (lang:en),SimpleQA/CompMix_table_simple_qa/00044.json
What was the country of the origin of the book To the Lighthouse,United Kingdom,United Kingdom (lang:en),ComplexQA/CompMix_infobox_complex/00143.json
What is the country of orign of A Tale of Two Cities,United Kingdom,United Kingdom (lang:en),ComplexQA/CompMix_infobox_complex/00169.json
What is the language of work in the book Lord of the Rings,English,English (lang:en),ComplexQA/CompMix_infobox_complex/00171.json
What is the name of the first book of the series The Dark Tower,The Gunslinger,The Dark Tower: The Gunslinger|The Dark Tower: The Gunslinger (lang:en),ComplexQA/CompMix_infobox_complex/00111.json
Who is the original broadcaster of the Locke & Key television series,Netflix,Netflix (lang:en),ComplexQA/CompMix_infobox_complex/00190.json
What was the Association of the soccer United States men's national soccer team,United States Soccer Federation (USSF),United States Soccer Federation (lang:en),ComplexQA/CompMix_infobox_complex/00156.json
What is the number of movies in the Home Alone series as of 2021,6,3,ComplexQA/CompMix_table_complex/00116.json
"What is the second movie in the film series, The Lord of the Rings",The Lord of the Rings: The Two Towers,The Lord of the Rings: The Fellowship of the Ring|The Lord of the Rings: The Fellowship of the Ring (lang:en),ComplexQA/CompMix_table_complex/00130.json
The science fiction tv series Space: Above and Beyond originally aired on which tv network,Fox,Fox Broadcasting Company,ComplexQA/CompMix_infobox_complex/00048.json
What is the genre of the movie Venom: Let There Be Carnage,action film,"superhero film (lang:en)
Superhero film (lang:en-ca)
Superhero film (lang:en-gb)
action film (lang:en)
action film (lang:en-ca)
action film (lang:en-gb)",ComplexQA/CompMix_infobox_complex/00237.json
What's the name of the label that released Garlands by Cocteau Twins,4AD,4AD (lang:en),ComplexQA/CompMix_infobox_complex/00212.json
What is the name of the original broadcaster in Better Call Saul,AMC,AMC (lang:en),ComplexQA/CompMix_infobox_complex/00238.json
What is the current soccer team of kylian mbappé?,Paris Saint-Germain F.C.,"Paris Saint-Germain FC (lang:en)
Real Madrid Club de Fútbol (lang:en)",SimpleQA/CompMix_table_simple_qa/00077.json
Oliver Kahn started his professional football career with which German club's junior team,Karlsruher SC,"Karlsruher SC (lang:en)
FC Bayern Munich (lang:en)
Karlsruher SC II (lang:en)
Germany men's national association football team (lang:en)",ComplexQA/CompMix_infobox_complex/00177.json
What prize was the author William Golding awarded with in the year 1983,Nobel Prize in Literature,"honorary doctor of the Sorbonne Nouvelle University (lang:en)
Nobel Prize in Literature (lang:en)",ComplexQA/CompMix_infobox_complex/00126.json
Which tv network originally aired the science fiction tv series Space: Above and Beyond,Fox,Fox Broadcasting Company|Fox Broadcasting Company (lang:en),ComplexQA/CompMix_infobox_complex/00073.json
What is the name of the original broadcaster in Game of Thrones?,HBO,HBO (lang:en),SimpleQA/CompMix_table_simple_qa/00024.json
What country does the soccer player Johan Cruyff represent?,Netherlands,Kingdom of the Netherlands (lang:en),SimpleQA/CompMix_table_simple_qa/00229.json
Which country does Johan Cruyff play football for?,Netherlands,Kingdom of the Netherlands (lang:en),SimpleQA/CompMix_table_simple_qa/00191.json
Which country did Gabriel Batistuta play football for?,Argentina,"Italy (lang:en)
Argentina (lang:en)",SimpleQA/CompMix_table_simple_qa/00188.json
Which is the last novel of the book series Diary of a Wimpy Kid,Diary of a Wimpy Kid: Big Shot,Diary of a Wimpy Kid: Diper Överlöde|Diary of a Wimpy Kid: Diper Överlöde (lang:en),ComplexQA/CompMix_table_complex/00125.json
In what city was the novel A Tale of Two Cities set,London; Paris,"London (lang:en)
Paris (lang:en)",ComplexQA/CompMix_infobox_complex/00270.json
Who is the director of the movie lord of the rings?,Peter Jackson,"Mike Ibeji (lang:en)
Stanley Kubrick (lang:en)
Stanley Kubrick (lang:en-ca)
Stanley Kubrick (lang:en-gb)
Peter Jackson (lang:en)
...
Peter Jackson (lang:en-ca)
Peter Jackson (lang:en-gb)
Peter Jackson (lang:en)
Peter Jackson (lang:en-ca)
Peter Jackson (lang:en-gb)",SimpleQA/CompMix_table_simple_qa/00094.json
what is the genre of  The Last Thing he told me,"Mystery, Thriller","thriller (lang:en)
mystery fiction (lang:en)",ComplexQA/CompMix_infobox_complex/00235.json
Which album by Britney Spears was released first Baby One More Time,Baby One More Time,…Baby One More Time (lang:en),ComplexQA/CompMix_table_complex/00197.json
What was the publication date of the book Adventures of Huckleberry Finn,"December 10, 1884",1884-01-01T00:00:00Z,ComplexQA/CompMix_infobox_complex/00278.json
What was the genre of the music Love Me Like You Do,electropop,"electropop (lang:en)
pop music (lang:en)",ComplexQA/CompMix_infobox_complex/00197.json
What is the name of the director of Passengers?,Morten Tyldum,"Morten Tyldum (lang:en)
Rodrigo García Márquez (lang:en)",SimpleQA/CompMix_table_simple_qa/00046.json
What is the title of the fourth film in the Star Wars film series,Star Wars: Episode I – The Phantom Menace,Star Wars: Episode IV – A New Hope (lang:en),ComplexQA/CompMix_table_complex/00107.json
What is the genre of the book series The Folk of the Air,Fantasy,romantic fantasy,ComplexQA/CompMix_infobox_complex/00120.json
when did the song rapper's delight come out,"September 16, 1979",1979-11-09T00:00:00Z,SimpleQA/NQ_table_test_simple/00174.json
What is the country of orign of the Godzilla vs. Kong movie,United States of America,United States (lang:en),ComplexQA/CompMix_infobox_complex/00265.json
What is the country of the orign of the Big star band,United States of America,United States (lang:en),ComplexQA/CompMix_infobox_complex/00272.json
Which country of orgin for the tv series wizards of waverly place,United States of America,United States (lang:en),ComplexQA/CompMix_infobox_complex/00267.json
What is the name of the company that distributes The Old Man and the Sea,Netflix,"Warner Bros. Entertainment (lang:en)
Netflix (lang:en)",ComplexQA/CompMix_infobox_complex/00071.json
What is the name of the football club Iker Casillas represented in the year 2002,Real Madrid Castilla,"Spain men's national football team|Spain men's national football team (lang:en)
Real Madrid Club de Fútbol|Real Madrid Club de Fútbol (lang:en)",ComplexQA/CompMix_table_complex/00080.json
When the book The Color Purple won the National Book Award for Fiction,1983,"1983-01-01T00:00:00Z
1983-01-01T00:00:00Z",ComplexQA/CompMix_table_complex/00177.json
What was the country of origin of The Walking Dead TV series,United States,United States (lang:en),ComplexQA/CompMix_infobox_complex/00244.json
Batman v Superman: Dawn of Justice Movie was directed by which film director?,Zack Snyder,"Zack Snyder (lang:ast)
Zack Snyder (lang:br)
Zack Snyder (lang:ca)
Zack Snyder (lang:cs)
Zack Snyder (lang:cy)
...
查克·史奈德 (lang:zh-hant)
查克·史奈德 (lang:zh-my)
查克·史奈德 (lang:zh-sg)
薩克薛達 (lang:yue)
錫·史拉達 (lang:zh-hk)",SimpleQA/CompMix_table_simple_qa/00159.json
What is the date of birth of the Sooryavanshi director Rohit Shetty,14 March 1974,"1973-03-14T00:00:00Z
1974-03-14T00:00:00Z",ComplexQA/CompMix_infobox_complex/00209.json
What is the date of birth of the The Incredible Hulk's writer Zak Penn,23 March 1968,"1968-03-23T00:00:00Z
1968-09-01T00:00:00Z",ComplexQA/CompMix_infobox_complex/00097.json
Which author wrote The Adventures of Tom Sawyer and Adventures of Huckleberry Finn,Mark Twain,wd:Q7245|Mark Twain (lang:en),ComplexQA/CompMix_infobox_complex/00138.json
What's the US release date for the second film in the Mad Max series,24 December 1981,"1981-12-24T00:00:00Z
1982-08-27T00:00:00Z
1982-05-21T00:00:00Z",ComplexQA/CompMix_table_complex/00128.json
Jane Eyre novel was written by?,Charlotte Bronte,"wd:Q127332|Charlotte Brontë (lang:en)
wd:Q127332|Charlotte Brontë (lang:en)
wd:Q127332|Charlotte Brontë (lang:en)",SimpleQA/CompMix_table_simple_qa/00174.json
What is the name of the book that comes after the book Killing Floor in the Jack Reacher series,Die Trying,Die Trying (lang:en),ComplexQA/CompMix_table_complex/00015.json
How many goals did Paul Pogba scored for France national under-18 football team,1,0,ComplexQA/CompMix_table_complex/00156.json
How many matches has Jan Oblak played for Slovenia national football team in 2014,1,0,ComplexQA/CompMix_table_complex/00129.json
how many times has the saints won the super bowl,1,0,SimpleQA/NQ_table_test_simple/00160.json
How many of the teams with Victorian Football League or Australian Football League Grand Finalist history listed in the provided tables also participated in a Grand Final won by Fitzroy Football Club,1,0,ComplexQA/Sportsreason_TANQ_complex/00062.json
How many appearance did the American goalkeeper Sean Johnson make with the US men's national soccer team in 2011,1,0,ComplexQA/CompMix_table_complex/00009.json
The American goalkeeper Sean Johnson played how many game for the US men's national soccer team in 2011,1,0,ComplexQA/CompMix_table_complex/00026.json
What is the publication date of the second book The Subtle Knife of the series His Dark Materials,22 July 1997,1997-01-01T00:00:00Z,ComplexQA/CompMix_infobox_complex/00014.json
What is the Publication date of the Second book of the series His Dark Materials,22 July 1997,1997-01-01T00:00:00Z,ComplexQA/CompMix_table_complex/00090.json
What was the name of author who wrote Things Fall Apart?,Chinua Achebe,"Chinua Achebe (lang:en)
Chinua Achebe (lang:en)
Kevin Dilmore (lang:en)
Randall Munroe (lang:en)
Humayun Azad (lang:en)
Dayton Ward (lang:en)",SimpleQA/CompMix_table_simple_qa/00052.json
When was released the song I'm Your Angel in United States in the format of Contemporary hit radio,13 October 1998,1998-11-09T00:00:00Z,ComplexQA/CompMix_table_complex/00023.json
"Which empire did Miguel de Cervantes, the author of Don Quixote, lived in at the time of the book's publication",Habsburg Spain,Spanish Empire (lang:en),ComplexQA/CompMix_infobox_complex/00001.json
What was the nickname of the soccer club New York Red Bulls soccer team,The Red Bulls Metro,"MetroStars (lang:en)
New York / New Jersey MetroStars (lang:en)
New York Red Bulls (lang:en)
Red Bull New York (lang:en)",ComplexQA/CompMix_infobox_complex/00094.json
Who gave the music of the film 211?,Frederik Wiedmann,"Roque Baños (lang:en)
Frederik Wiedmann (lang:en)",SimpleQA/CompMix_table_simple_qa/00241.json
How many total awards did How I Met Your Mother eventually win through its full time on,21,7,ComplexQA/CompMix_infobox_complex/00028.json
"When was Angels & Demons, the first book in the Robert Landon series, published",01 May 2000,2000-01-01T00:00:00Z,ComplexQA/CompMix_table_complex/00109.json
What is the country for sport of the player Harry Kane,England,United Kingdom (lang:en),ComplexQA/CompMix_infobox_complex/00248.json
What is the place of birth of the soccer player Sadio Mané,"Bambali, Sédhiou, Senegal",Bambali (lang:en),ComplexQA/CompMix_infobox_complex/00284.json
What movie is the sequel of Ocean's Eleven?,Ocean's Twelve,wd:Q504053|Ocean's Twelve (lang:en),SimpleQA/CompMix_table_simple_qa/00091.json
What is the total number of races across all the Formula One World Championship seasons where Lewis Hamilton was the Drivers' Champion and Mercedes was the Constructors' Champion,100,0,ComplexQA/Sportsreason_TANQ_complex/00115.json
How many matches have Eden Hazard played for Belgium national football team,116,126.0,ComplexQA/CompMix_infobox_complex/00184.json
"When was the final James Bond Movie, No Time to Die released in theaters",2021,"2021-09-28T00:00:00Z
2021-09-30T00:00:00Z
2021-10-08T00:00:00Z
2021-11-11T00:00:00Z",ComplexQA/CompMix_infobox_complex/00078.json
How many movies were in the Die Hard series before A Good Day to Die Hard came out in 2013,4,15,ComplexQA/CompMix_table_complex/00007.json
Which country does the soccer player Alessandro Del Piero represent?,Italy,wd:Q38|Italy (lang:en),SimpleQA/CompMix_table_simple_qa/00142.json
When was the song Easy on Me released in United States in the format of Adult contemporary radio,18 October 2021,2021-10-15T00:00:00Z,ComplexQA/CompMix_table_complex/00028.json
When was released the song Shape of You in United Kingdom in the digital download format,10 February 2017,2017-01-06T00:00:00Z,ComplexQA/CompMix_table_complex/00046.json
"How many players in the Columbus Crew Soccer Club as of December 1, 2021",31,8,ComplexQA/CompMix_table_complex/00100.json
Selena Gomez's music genre?,"pop rock, electropop, dance-pop","electropop (lang:en)
dance-pop (lang:en)
pop music (lang:en)
pop rock (lang:en)
alternative R&B (lang:en)
contemporary R&B (lang:en)",SimpleQA/CompMix_table_simple_qa/00015.json
What is the name of the director of movie The Matrix Revolutions,The Wachowskis,"Lilly Wachowski (lang:en)
Lana Wachowski (lang:en)",ComplexQA/CompMix_infobox_complex/00286.json
Which national soccer team did Fabio Cannavaro play for?,Italy,"Juventus FC (lang:en)
SSC Napoli (lang:en)
Parma Calcio 1913 (lang:en)
Shabab AlAhli Dubai Club (lang:en)
Inter Milan (lang:en)
Italy men's national association football team (lang:en)
Real Madrid Club de Fútbol (lang:en)
Italy national under-21 football team (lang:en)",SimpleQA/CompMix_table_simple_qa/00170.json
As of 2020 how many FIFA Women's World Cup wins does the United States women's national soccer team have,4,0,ComplexQA/CompMix_infobox_complex/00008.json
How many titles has Chicago Fire FC won in the US Open Cup,4,0,ComplexQA/CompMix_table_complex/00173.json
How many gold medals has the United States women's national soccer team won as of 2020,4,0,ComplexQA/CompMix_infobox_complex/00041.json
As of 2020 how many gold medals has the United States women's national soccer team won,4,0,ComplexQA/CompMix_infobox_complex/00039.json
Who is the director of the Second season of Locke & Key,Mark Tonderai,"Dawn Wilkinson (lang:en)
Mark Tonderai (lang:en)
Vincenzo Natali (lang:en)
Michael Morris (lang:en)
Tim Southam (lang:en)",ComplexQA/CompMix_infobox_complex/00224.json
In which year was the dystopian science fiction novel Brave New World written,1931,1932-01-01T00:00:00Z,ComplexQA/CompMix_table_complex/00147.json
what is genre of the series the Sopranos?,crime serial,"drama television series (lang:en)
crime television series (lang:en)",SimpleQA/CompMix_table_simple_qa/00286.json
who is the director of episode 1 in the tv series Sky Castle,Jo Hyun Tak,"Yum Jung-ah
Kim Joo-ryoung",ComplexQA/CompMix_table_complex/00167.json
Stargate SG-1 the science fiction tv series ran for how many seasons,10,10.0,ComplexQA/CompMix_infobox_complex/00261.json
language of work of the Dream of the Red Chamber?,Chinese,"Beijing dialect (lang:en)
Standard Chinese (lang:en)
written vernacular Chinese (lang:en)",SimpleQA/CompMix_table_simple_qa/00147.json
How many terms were served that were by the party with members in the Rajya Sabha from Maharashtra since 1952 once led by Ghandi,10,0,ComplexQA/OTT_QA_dev_complex/00394.json
What is the combined number of games played in the 2008 and 2009 National League Championship Series between the Los Angeles Dodgers and the Philadelphia Phillies,10,0,ComplexQA/Sportsreason_TANQ_complex/00168.json
The new Hawaii Five-0 wrapped up after how many season's on CBS,10,0,ComplexQA/CompMix_table_complex/00268.json
genre of diary of a wimpy kid the getaway,Children's novel | Graphic Novel,"teen film (lang:en)
family film (lang:en)
comedy film (lang:en)
children's fiction (lang:en)",SimpleQA/NQ_table_test_simple/00095.json
What was the name of English Singer who performed in Toosie Slide?,Drake,wd:Q33240|Drake (lang:en),SimpleQA/CompMix_table_simple_qa/00066.json
what genre is the magic tree house books,Children's historical fantasy,"fantasy film (lang:en)
children's film (lang:en)",SimpleQA/NQ_table_test_simple/00166.json
when does planet of the apes come out 2017,"July 14, 2017","2017-01-01T00:00:00Z
2017-07-13T00:00:00Z
2017-07-14T00:00:00Z
2017-08-03T00:00:00Z",SimpleQA/NQ_table_test_simple/00131.json
How many games did the 2013 New York Yankees American League Wild Card team who lost more than 100 games win against their rivals,2,0,ComplexQA/OTT_QA_dev_complex/00334.json
After their 2018 FIFA World Cup win how many wins did France national football team have,2,0,ComplexQA/CompMix_infobox_complex/00033.json
How many events did the Indian Gold medalist athlete from Barsar village of Hamirpur district of Himachal Pradesh participate in at the 2010 Commonwealth Games,2,0,ComplexQA/OTT_QA_dev_complex/00292.json
How many provinces are in the country that has a Malaysian Diplomatic Consulate mission in the city that lies near the mouth of the Kelantan River,76,0,ComplexQA/OTT_QA_dev_complex/00172.json
What number of appearances has Andrea Pirlo made for the football club New York City FC,62,60.0,ComplexQA/CompMix_table_complex/00044.json
"Shakira, what do you do for a living?","singer, actor, choreographer, painter","philanthropist (lang:en)
manufacturer (lang:en)
singer (lang:en)
superhero (lang:en)
voice actor (lang:en)
choreographer (lang:en)
actor (lang:en)
composer (lang:en)
guitarist (lang:en)",SimpleQA/CompMix_table_simple_qa/00219.json
What is the name of the author who wrote A Tale of Two Cities?,Charles Dickens,"wd:Q5686|Charles Dickens (lang:en)
wd:Q5686|Charles Dickens (lang:en)
wd:Q5686|Charles Dickens (lang:en)
wd:Q5686|Charles Dickens (lang:en)
wd:Q86529825|Kwabena Adjei (lang:en)",SimpleQA/CompMix_table_simple_qa/00287.json
How many children did the director of Willy Wonka and the Chocolate Factory have,3,0,ComplexQA/CompMix_infobox_complex/00101.json
How many matches Thiago Silva played for played for national team in 2008,3,0,ComplexQA/CompMix_table_complex/00189.json
How many matches has Franz Beckenbauer played for Germany national football team in 1965,3,0,ComplexQA/CompMix_table_complex/00127.json
When was released the song Into You in United States in the format of rhythmic contemporary,"June 28, 2016",2016-05-06T00:00:00Z,ComplexQA/CompMix_table_complex/00048.json
What is the birthday of the actress who portrayed the housekeeper of the Frasier household,18 April 1961,Jane Leeves (lang:en)|1961-04-18T00:00:00Z,ComplexQA/CompMix_infobox_complex/00061.json
What is the population of the city which is the location of a Malaysian Diplomatic Consulate mission of a country that lies about 137 kilometres above the equator,"497,097",3898747.0,ComplexQA/OTT_QA_dev_complex/00083.json
How many matches did Paul Pogba played for France national under-18 football team,6,0,ComplexQA/CompMix_table_complex/00159.json
How many movies are there in the Home Alone franchise till 2021,6,0,ComplexQA/CompMix_table_complex/00228.json
"How many unique teams participated in the competition during the years Fitzroy won a senior premiership, based on available information about specific clubs",6,0,ComplexQA/Sportsreason_TANQ_complex/00190.json
How many playable locations are there in the Aksys game developed by the company whose name means `` Soft development Innovation Multi Success ``,6,0,ComplexQA/OTT_QA_dev_complex/00342.json
How many Golden Globe Awards did One Flew Over the Cuckoo's Nest get,6,0,ComplexQA/CompMix_table_complex/00139.json
How many John le Carré novels featured the character George Smiley after The Spy Who Came in from the Cold,6,0,ComplexQA/CompMix_table_complex/00008.json
The Meeting de Marcha Atlética da Cidade de Olhao in the 2010 IAAF Race Walking Challenge was held in what region of southern Portugal,Algarve,"Olhão (lang:en)
Faro (lang:en)
Algarve (lang:en)
Olhão (lang:en)",ComplexQA/OTT_QA_dev_complex/00379.json
What is the name of the second novel in the Millennium series,The Girl Who Played with Fire,The Girl Who Kicked the Hornets' Nest (lang:en),ComplexQA/CompMix_infobox_complex/00264.json
What was the year the first book of the novel series Outlander released,1991,"2021-11-23T00:00:00Z
2014-06-10T00:00:00Z
1992-07-01T00:00:00Z
2005-09-27T00:00:00Z
2009-09-22T00:00:00Z
1996-12-01T00:00:00Z
2001-11-06T00:00:00Z
1993-12-01T00:00:00Z
1991-06-01T00:00:00Z",ComplexQA/CompMix_infobox_complex/00150.json
where is hindu kush mountains located on a map,36°14′45″N 71°50′38″E﻿ / ﻿36.24583°N 71.84389°E,POINT(71.000000 35.000000) (geo:wktLiteral),SimpleQA/NQ_table_test_simple/00146.json
What is the release date of the movie Dilwale Dulhania Le Jayenge,20 October 1995,"1995-10-20T00:00:00Z
2016-11-19T00:00:00Z
2023-03-22T00:00:00Z",ComplexQA/CompMix_infobox_complex/00205.json
How many inhabited islands are in the location of the South Korean show `` Three Meals a Day '' with the fewest total episodes shown,111,0,ComplexQA/OTT_QA_dev_complex/00264.json
What is the total number of appearances made by Marco Reus as of 2021 for the club Borussia Dortmund,332,294.0,ComplexQA/CompMix_table_complex/00013.json
Which nation did Raúl González play soccer for?,Spain,Malta (lang:en),SimpleQA/CompMix_table_simple_qa/00037.json
"How many baseball games involving the Boston Red Sox were played at Fenway Park across the 1975 American League Championship Series, the 2013 American League Championship Series, and the 2018 World Series",7,0,ComplexQA/Sportsreason_TANQ_complex/00054.json
"How many games were played at Fenway Park across the 1975 American League Championship Series, the 2013 American League Championship Series, and the 2018 World Series",7,0,ComplexQA/Sportsreason_TANQ_complex/00152.json
Cristiano Ronaldo scored how many goals in the FIFA Club World Cup,7,0,ComplexQA/CompMix_infobox_complex/00231.json
"How many games involving the Boston Red Sox took place at Fenway Park across the 2018 World Series, the 2013 American League Championship Series, and the 1975 American League Championship Series",7,0,ComplexQA/Sportsreason_TANQ_complex/00070.json
"How many games were played at Fenway Park across the 2018 World Series, the 2013 American League Championship Series, and the 1975 American League Championship Series",7,0,ComplexQA/Sportsreason_TANQ_complex/00150.json
how many goals did Cristiano Ronaldo scored in fifa club world cup,7,0,ComplexQA/CompMix_infobox_complex/00266.json
How many LCM events were held at the most recent international 50m meet where the result for Federica Pellegrini 's 4x100 medley was DSQ ( h ),40,0,ComplexQA/OTT_QA_dev_complex/00148.json
What is the name of the actor who played the lead role in the series Joey,Matt LeBlanc,"Miguel A. Núñez (lang:en)
Paulo Costanzo (lang:en)
Gregory Harrison (lang:en)
Christina Ricci (lang:en)
Matt LeBlanc (lang:en)
...
Michael Trucco (lang:en)
Bobb'e J. Thompson (lang:en)
Danny Nucci (lang:en)
James Lipton (lang:en)
John Michael Higgins (lang:en)",ComplexQA/CompMix_infobox_complex/00037.json
How many games between the Los Angeles Dodgers and the Philadelphia Phillies were played at Dodger Stadium in the National League Championship Series from 1977 to 2009,9,0,ComplexQA/Sportsreason_TANQ_complex/00148.json
What is the total number of goals Roy Keane secured for Ireland,9,0,ComplexQA/CompMix_table_complex/00201.json
What is the year the first book of the series Earth's Children published,1980,The Clan of the Cave Bear|1980-05-04T00:00:00Z,ComplexQA/CompMix_table_complex/00143.json
What year was the first book of the series Old Kingdom published,1995,Sabriel|1995-01-01T00:00:00Z,ComplexQA/CompMix_table_complex/00207.json
Which Oscar did The Girl with the Dragon Tattoo win?,Best Film Editing,"wd:Q1966965|National Board of Review: Top Ten Films (lang:en)
wd:Q281939|Academy Award for Best Film Editing (lang:en)",SimpleQA/CompMix_table_simple_qa/00163.json
What is the Publication date of the second book of the novel series Little House on the Prairie,1 October 1993,1935-09-19T00:00:00Z,ComplexQA/CompMix_infobox_complex/00011.json
Which type of The Scarlet Letter genre?,"Romantic, Historical","contemporary R&B (lang:en)
drama film (lang:en)
erotic film (lang:en)
erotic thriller (lang:en)
historical fiction (lang:en)
...
LGBTQ-related film (lang:en)
melodrama (lang:en)
romance film (lang:en)
romantic fiction (lang:en)
silent film (lang:en)",SimpleQA/CompMix_table_simple_qa/00006.json
"What was the genre of the song I am not a woman, I'm a god","Rock,Pop",synth-pop (lang:en),ComplexQA/CompMix_infobox_complex/00055.json
"What was the genre of the song I am not a woman, I’m a god","Rock,Pop",synth-pop (lang:en),ComplexQA/CompMix_infobox_complex/00050.json
What is the name of the actor who played the lead character role in the Bourne series,Matt Damon,"Orso Maria Guerrini (lang:en)
Philippe Durand (lang:en)
Denis Braccini (lang:en)
Matt Damon (lang:en)
Clive Owen (lang:en)
...
Franka Potente (lang:en)
Vincent Franklin (lang:en)
Jimmy Jean-Louis (lang:en)
David Bamber (lang:en)
Gabriel Mann (lang:en)",ComplexQA/CompMix_infobox_complex/00019.json
when did the song the joker come out,October 1973,"1984-12-15T00:00:00Z
1973-10-01T00:00:00Z
1928-01-01T00:00:00Z
1989-01-01T00:00:00Z
1961-01-01T00:00:00Z
...
1976-01-01T00:00:00Z
2008-01-01T00:00:00Z
1957-01-01T00:00:00Z
1964-01-01T00:00:00Z
1973-10-01T00:00:00Z",SimpleQA/NQ_table_test_simple/00116.json
How many times has Spain's Olympic football team played in the Olympics,5,0,ComplexQA/CompMix_infobox_complex/00253.json
How many titles has Bethlehem Steel won in the US Open Cup,5,0,ComplexQA/CompMix_table_complex/00234.json
How many tracks were on side two of The Police's debut album Outlandos d'Amour,5,0,ComplexQA/CompMix_table_complex/00110.json
Bethlehem Steel's won how many titles in the Lamar Hunt U.S. Open Cup,5,0,ComplexQA/CompMix_table_complex/00175.json
Add together the number of races in the earliest and latest championship seasons won by Michael Schumacher that are described in the available information.,33,0,ComplexQA/Sportsreason_TANQ_complex/00194.json
What is the date of publication of the first book of the Outland series,1 June 1991,Outlander|1991-06-01T00:00:00Z,ComplexQA/CompMix_infobox_complex/00105.json
Who was the Who was the head coach of the Chicago Fire Football Club,Ezra Hendrickson,Gregg Berhalter|Gregg Berhalter (lang:en),ComplexQA/CompMix_infobox_complex/00095.json
What is the capacity of The City of Manchester stadium for domestic football games,"53,400",55017.0,ComplexQA/CompMix_infobox_complex/00113.json
Who directs the episode Glorious Purpose in the tv series Loki,Kate Herron,"wd:Q106975347|Kate Herron (lang:en)
wd:Q17285309|Aaron Moorhead (lang:en)
wd:Q17308798|Justin Benson (lang:en)",ComplexQA/CompMix_table_complex/00274.json
In what year did Cristiano Ronaldo join Manchester United the first time,2003,"2003-01-01T00:00:00Z
2021-08-27T00:00:00Z",ComplexQA/CompMix_infobox_complex/00282.json
Who were the main actors in The Sting that won an Academy Award for Best Picture over American Graffiti,Paul Newman;Robert Redford;Robert Shaw,"Paulene Myers|Paulene Myers (lang:en)
John Quade|John Quade (lang:en)
Larry D. Mann|Larry D. Mann (lang:en)
Brad Sullivan|Brad Sullivan (lang:en)
Robert Earl Jones|Robert Earl Jones (lang:en)
...|...
Dana Elcar|Dana Elcar (lang:en)
Robert Redford|Robert Redford (lang:en)
Ray Walston|Ray Walston (lang:en)
William Benedict|William Benedict (lang:en)
Harold Gould|Harold Gould (lang:en)",ComplexQA/CompMix_infobox_complex/00005.json
what is the name of governor of maharashtra,Chennamaneni Vidyasagar Rao,wd:Q7289378|Ramesh Bais (lang:en),SimpleQA/NQ_table_test_simple/00172.json
How many Academy Awards was won by the film The Matrix,Four,0,ComplexQA/CompMix_table_complex/00290.json
What novel was awarded the Pulitzer Prize for Fiction in 2017,The Underground Railroad,"wd:Q27957817|The Underground Railroad (lang:en)
wd:Q509662|Colson Whitehead (lang:en)",ComplexQA/CompMix_table_complex/00276.json
How many games were played in Philadelphia during the National League Championship Series matchups between the Los Angeles Dodgers and the Philadelphia Phillies,11,0,ComplexQA/Sportsreason_TANQ_complex/00177.json
What languages are spoken in Scandinavia,"[['Danish', 'German'], ['Norwegian', 'Kven', 'Romani', 'Scandoromani', 'Norwegian Sign Language'], ['Swedish', 'Sámi', 'Finnish', 'Meänkieli', 'Romani', 'Yiddish'], ['Swedish'], ['Faroese', 'Danish'], ['Finnish', 'Swedish', 'Sami', 'Karelian', 'Finnish Kalo', 'Finnish Sign Language', 'Finland-Swedish Sign Language'], ['Icelandic']]","wd:Q9027|Swedish (lang:en)
wd:Q9035|Danish (lang:en)",ComplexQA/Monaco_non_time_complex/00089.json
What is the number of seasons of the TV series Money Heist,3,3.0,ComplexQA/CompMix_infobox_complex/00222.json
What is the combined total number of times the Richmond Football Club and the Collingwood Football Club have finished as runners-up in the VFL or AFL Grand Final,38,0,ComplexQA/Sportsreason_TANQ_complex/00171.json
What is the total number of times the Richmond and Collingwood senior football clubs were Grand Finalists in the Victorian Football League or Australian Football League,38,0,ComplexQA/Sportsreason_TANQ_complex/00146.json
How many historical buildings does the historical place off US Route 90 that was most recently added to the National Register of Historic Places have,47,0,ComplexQA/OTT_QA_dev_complex/00322.json
"How many games were contested between the Los Angeles Dodgers and the Philadelphia Phillies in the National League Championship Series across the years 1977, 1978, 1983, 2008, and 2009",22,0,ComplexQA/Sportsreason_TANQ_complex/00100.json
What is the name of the actor who plays the leading role in the movie The Terminator,Arnold Schwarzenegger,"Bill Paxton|Bill Paxton (lang:en)
Bill Paxton|Bill Paxton (lang:en-ca)
Bill Paxton|Bill Paxton (lang:en-gb)
Rick Rossovich|Rick Rossovich (lang:en)
Dick Miller|Dick Miller (lang:en)
...|...
Franco Columbu|Franco Columbu (lang:en)
Franco Columbu|Franco Columbu (lang:en-ca)
Franco Columbu|Franco Columbu (lang:en-gb)
William Wisher Jr.|William Wisher Jr. (lang:en)
Brian Thompson|Brian Thompson (lang:en)",ComplexQA/CompMix_infobox_complex/00020.json
What is the country of origin of the Black Beauty book?,United States of America,"United Kingdom (lang:en)
United Kingdom (lang:en)
United Kingdom (lang:en)
United Kingdom (lang:en)
United Kingdom (lang:en)
...
United Kingdom (lang:en)
United Kingdom (lang:en)
United Kingdom (lang:en)
United Kingdom (lang:en)
United Kingdom (lang:en)",SimpleQA/CompMix_table_simple_qa/00138.json
Who was the lyricist of the music Love Me Like You Do,"Max Martin,Savan Kotecha,Ilya Salmanzadeh,Ali Payami,Tove Nilsson","Tove Lo
Ilya Salmanzadeh
Ali Payami
Max Martin
Savan Kotecha",ComplexQA/CompMix_infobox_complex/00260.json
In what year was Megan Rapinoe named one of Time Magazine's 100 most influential people,2020,2022-01-01T00:00:00Z,ComplexQA/CompMix_infobox_complex/00066.json
What is the publication date of the Dream of the Red Chamber,1792,"1792-01-01T00:00:00Z
1800-01-01T00:00:00Z
1868-01-01T00:00:00Z",ComplexQA/CompMix_infobox_complex/00230.json
Neymar is from?,Portuguese,Mogi das Cruzes (lang:en),SimpleQA/CompMix_table_simple_qa/00156.json
How many International matches played for Portugal national football team by João Félix,20,48.0,ComplexQA/CompMix_table_complex/00169.json
"Besides its incumbent president, what was the political affiliation of each president of Moldova since the country gained its independence","[['Mircea Snegur', 'Independent'], ['Mircea Snegur', 'PRCM (1995–2002)'], ['Mircea Snegur', 'PCM (1964–1990)'], ['Petru Lucinschi', 'Agrarian Party of Moldova'], ['Vladimir Voronin', 'Communist Party of Moldova (Before 1991)'], ['Vladimir Voronin', 'Party of Communists of the Republic of Moldova (1993–present)'], ['Mihair Ghimpu', 'Popular Front (1990–1993)'], ['Mihair Ghimpu', 'Liberal Party (1993–present)'], ['Mihair Ghimpu', 'Bloc of the Intellectuals (1994)'], ['Vlad Filat', 'Democratic Party (1997–2007)'], ['Vlad Filat', 'Liberal Democratic Party (2007–2016), (2020–present)'], ['Vlad Filat', 'Alliance for Democracy and Reforms (1998–1999)'], ['Vlad Filat', 'Alliance for European Integration (2009–present)'], ['Marian Lupu', 'Communist Party of the Soviet Union (Before 1991)'], ['Marian Lupu', 'Party of Communists of Moldova (1993–2009)'], ['Marian Lupu', 'Democratic Party of Moldova (2009–2019)'], ['Marian Lupu', 'Alliance for European Integration (2009–present)'], ['Nicolae Timofti', 'Communist Party'], ['Nicolae Timofti', 'Independent'], ['Igor Dodon', 'Party of Socialists (2011–2016, 2020–present)'], ['Igor Dodon', 'Party of Communists (2010–2011)'], ['Igor Dodon', 'Independent (2016–2020)']]","wd:Q15071069|Maia Sandu (lang:en)|wd:Q24909066|Party of Action and Solidarity (lang:en)
wd:Q15071069|Maia Sandu (lang:en)|wd:Q663461|Liberal Democratic Party of Moldova (lang:en)
wd:Q189435|Vladimir Voronin (lang:en)|wd:Q750116|Party of Communists of the Republic of Moldova (lang:en)
wd:Q189435|Vladimir Voronin (lang:en)|wd:Q79854|Communist Party of the Soviet Union (lang:en)
wd:Q294473|Mihai Ghimpu (lang:en)|wd:Q1822918|Liberal Party (lang:en)
...|...|...|...
wd:Q4164146|Igor Dodon (lang:en)|wd:Q750116|Party of Communists of the Republic of Moldova (lang:en)
wd:Q57478|Nicolae Timofti (lang:en)|wd:Q2605592|Communist Party of Moldavia (lang:en)
wd:Q57478|Nicolae Timofti (lang:en)|wd:Q79854|Communist Party of the Soviet Union (lang:en)
wd:Q57685|Vlad Filat (lang:en)|wd:Q1186294|European Social Democratic Party (lang:en)
wd:Q57685|Vlad Filat (lang:en)|wd:Q663461|Liberal Democratic Party of Moldova (lang:en)",ComplexQA/Monaco_time_complex/00016.json
Director of season 1 episode 1 in the tv series locke & key,Michael Morris,Mark Romanek|Mark Romanek (lang:en),ComplexQA/CompMix_table_complex/00138.json
"What year was it on Earth in the last novel of The Chronicles of Narnia series, The Last Battle",1949,1956-09-04T00:00:00Z,ComplexQA/CompMix_table_complex/00016.json
"How many Olympic teams did the Men 's 1997 European Judo Championships athlete compete in , whose country is located mostly on the Anatolian peninsula",three,0,ComplexQA/OTT_QA_dev_complex/00241.json
"At the Sanremo Music Festival Big Artists section , how many MTV Italian Music Award nominations were received by the person who sang the song produced by Palmasi",three,0,ComplexQA/OTT_QA_dev_complex/00061.json
"How many games did the Boston Red Sox play across the 1975 American League Championship Series, the 2013 American League Championship Series, and the 2018 World Series",14,0,ComplexQA/Sportsreason_TANQ_complex/00147.json
How many states are served by the Air-rail alliance train company that stops at the first major airport in the New York metropolitan area,46,0,ComplexQA/OTT_QA_dev_complex/00390.json
What is the running time of the first movie of The Hobbit series - The Hobbit: An Unexpected Journey,169 minutes,"169.0
182.0",ComplexQA/CompMix_infobox_complex/00007.json
What is the FIFA organization that was founded in Mexico City and currently includes all of North America,CONCACAF,Mexico City (lang:en),ComplexQA/CompMix_table_complex/00030.json
What is the run time of the movie The King of Pigs,97 minutes,97.0,ComplexQA/CompMix_infobox_complex/00234.json
when did the movie napoleon dynamite come out,"June 11, 2004","wd:Q1133772|2004-01-17T00:00:00Z
wd:Q1133772|2004-06-11T00:00:00Z
wd:Q1133772|2006-05-18T00:00:00Z",SimpleQA/NQ_table_test_simple/00101.json
What was the name of the actor who played Bilbo Baggins in Lord of the Rings,Elijah Wood,"Ian Holm
Martin Freeman",ComplexQA/CompMix_infobox_complex/00045.json
What is the Publication date of the first book of the novel series The Chronicles of Narnia,16 October 1950,"The Lion, the Witch, and the Wardrobe|1950-01-01T00:00:00Z",ComplexQA/CompMix_infobox_complex/00023.json
"What is the population of the city where the team Poverty Bay Rugby Football Union , played in the 1975 Romania Rugby Union Tour of New Zealand","37,200",2333.0,ComplexQA/OTT_QA_dev_complex/00151.json
"What is the total number of games played between the Los Angeles Dodgers and the Philadelphia Phillies across the 1977, 1978, 2008, and 2009 National League Championship Series",18,0,ComplexQA/Sportsreason_TANQ_complex/00121.json
"How many games were played in the National League Championship Series between the Los Angeles Dodgers and the Philadelphia Phillies across the 1977, 1978, 2008, and 2009 seasons",18,0,ComplexQA/Sportsreason_TANQ_complex/00120.json
"What is the total number of games played in the National League Championship Series between the Los Angeles Dodgers and the Philadelphia Phillies in 1977, 1978, 2008, and 2009",18,0,ComplexQA/Sportsreason_TANQ_complex/00128.json
"How many games were played in the National League Championship Series between the Los Angeles Dodgers and the Philadelphia Phillies for the years 1977, 1978, 2008, and 2009",18,0,ComplexQA/Sportsreason_TANQ_complex/00135.json
How many total games were played across the National League Championship Series competitions that featured both the Los Angeles Dodgers and the Philadelphia Phillies,18,0,ComplexQA/Sportsreason_TANQ_complex/00158.json
who starred in the pirates of the caribbean,Johnny Depp | Geoffrey Rush | Kevin McNally | Orlando Bloom | Keira Knightley | Jack Davenport | Jonathan Pryce,"wd:Q134895|Javier Bardem (lang:en)
wd:Q151168|Martin Klebba (lang:en)
wd:Q1555527|Alexander Scheer (lang:en)
wd:Q16223245|James Mackay (lang:en)
wd:Q166272|Geoffrey Rush (lang:en)
...|...
wd:Q44467|Orlando Bloom (lang:en)
wd:Q464712|Golshifteh Farahani (lang:en)
wd:Q53909401|Jacob Elordi (lang:en)
wd:Q704314|Bruce Spence (lang:en)
wd:Q798656|Brenton Thwaites (lang:en)",SimpleQA/NQ_table_test_simple/00135.json
What is the total number of goals secured by Marco Reus for Germany,15,0,ComplexQA/CompMix_table_complex/00176.json
What is the difference between the number of Republicans and Democrats including both those who left and those who replaced them in the 36th United States Congress,15,0,ComplexQA/OTT_QA_dev_complex/00094.json
"What is the total number of games featuring the St. Louis Cardinals played at Busch Stadium or Busch Stadium (II) across the 1982, 2006, 2011, and 2013 National League Championship Series and the 2011 World Series",15,0,ComplexQA/Sportsreason_TANQ_complex/00041.json
"How many tracks are on Jay-Z's 11th studio album, The blueprint 3",15,0,ComplexQA/CompMix_table_complex/00206.json
"How many games involving the St. Louis Cardinals are summarized across the game results for the 1982 National League Championship Series, 2006 National League Championship Series, 2011 World Series, 2013 National League Championship Series, and 2011 National League Championship Series",29,0,ComplexQA/Sportsreason_TANQ_complex/00004.json
How many unique drivers are listed across the main drivers table for the 2002 Formula One season and the practice drivers table for the 2003 Formula One season,29,0,ComplexQA/Sportsreason_TANQ_complex/00180.json
What is the total number of games played in the National League Championship Series and World Series that the St. Louis Cardinals won for which game summaries are available,29,0,ComplexQA/Sportsreason_TANQ_complex/00134.json
what is the second largest country in asia,China,"wd:Q148|People's Republic of China (lang:en)|9596961.0
wd:Q668|India (lang:en)|3287263.0",SimpleQA/NQ_table_test_simple/00117.json
How many senior premierships did Richmond win in the VFL/AFL competition in years later than Collingwood's first senior premiership year in the same competition,13,0,ComplexQA/Sportsreason_TANQ_complex/00179.json
"How many games played in the 1977, 1978, 2008, and 2009 National League Championship Series between the Los Angeles Dodgers and the Philadelphia Phillies had an attendance exceeding 50,000",13,0,ComplexQA/Sportsreason_TANQ_complex/00088.json
Who was the head coach of the New York Red Bulls soccer team,Gerhard Struber,Michael Bradley,ComplexQA/CompMix_infobox_complex/00124.json
Which movie of the the Terminator series has the highest worldwide collection,Terminator 2: Judgment Day,wd:Q191543|Terminator Salvation (lang:en)|no2009134051,ComplexQA/CompMix_table_complex/00248.json
what is country of origin of the  Klara and the Sun book,United Kingdom,Japan (lang:en),ComplexQA/CompMix_infobox_complex/00288.json
"What was the date of birth of Crime and Punishment's author, Fyodor Dostoevsky",09 February 1881,1821-11-11T00:00:00Z,ComplexQA/CompMix_infobox_complex/00175.json
How many of the Ryanverse books were written by Tom Clancy,17,0,ComplexQA/CompMix_table_complex/00288.json
Which is the notable work of the Amit V. Masurkar?,Newton (film),"wd:Q107176275|Sherni (lang:en)
wd:Q18786717|Sulemani Keeda (lang:en)
wd:Q28914754|Newton (lang:en)",SimpleQA/CompMix_table_simple_qa/00036.json
What is the name of the performer in the Hobbit the unexpected journey,Howard Shore,"Stephen Hunter|Stephen Hunter (lang:en)
John Callen|John Callen (lang:en)
John Rawls|John Rawls (lang:en)
Conan Stevens|Conan Stevens (lang:en)
Evangeline Lilly|Evangeline Lilly (lang:en)
...|...
Barry Humphries|Barry Humphries (lang:en)
Terry Notary|Terry Notary (lang:en)
Cate Blanchett|Cate Blanchett (lang:en)
Bret McKenzie|Bret McKenzie (lang:en)
Jed Brophy|Jed Brophy (lang:en)",ComplexQA/CompMix_infobox_complex/00174.json
"How many medals has the female Italian athlete , who is a multiple winner , with the most titles won at an International competition",six medals,26,ComplexQA/OTT_QA_dev_complex/00378.json
In which year did the novel The Old Man and the Sea come out,1990,"1952-01-01T00:00:00Z
1958-01-01T00:00:00Z",ComplexQA/CompMix_table_complex/00132.json
What professional tennis tournaments are played in the United States,"['US Open', 'ATP Indian Wells Masters', 'ATP Miami Open', 'ATP Cincinnati Masters', 'ATP Washington Open', 'ATP Delray Beach Open', ""ATP US Men's Clay Court Championship"", 'ATP Hall of Fame Open', 'ATP Atlanta Open', 'ATP Winston-Salem Open', 'WTA Indian Wells Open', 'WTA 1000 Miami Open', 'WTA 1000 Cincinnati Open', 'WTA 1000 Charleston Open', 'WTA 500 Silicon Valley Classic', 'WTA 500 Southern California Open', 'WTA 500 Connecticut Open', 'WTA 250 Memphis International', 'AT&T Challenger of Dallas', 'Baton Rouge Pro Tennis Classic', 'BMW Tennis Championship', 'Calabasas Pro Tennis Championships', 'Carson Challenger', 'Ford Tennis Championships', 'GHI Bronx Tennis Classic', 'JSM Challenger of Champaign–Urbana', 'Levene Gouldin & Thompson Tennis Challenger', 'Lexington Challenger', 'Lubbock Challenger', ""Men's Pro Challenger at Tunica National"", 'Music City Challenger', 'Nielsen Pro Tennis Championship', 'Nordic Naturals Challenger', 'Sunset Moulding YCRC Challenger', 'Swanston Challenger', 'Tallahassee Tennis Challenger', 'USTA Waikoloa Challenger', 'BNP Paribas Showdown', 'Challenge of Champions', 'River Oaks International Tennis Tournament']","wd:P11585|ESPN.com tennis player ID (lang:en)
wd:P3363|Tennis Hall of Fame player ID (lang:en)
wd:P4402|Women's Collegiate Tennis Hall of Fame ID (lang:en)
wd:Q100409679|2020 Mercer Tennis Classic (lang:en)
wd:Q101002863|2020 LTP Charleston Pro Tennis (lang:en)
...|...
wd:Q973206|1977 Marlboro South Australian Men's Tennis Classic (lang:en)
wd:Q98119967|Kohala Tennis Garden (lang:en)
wd:Q98266227|Top Seed Tennis Club (lang:en)
wd:Q98637490|Wayne K. Curry Prince George's County International Hard Court Junior Tennis Championships (lang:en)
wd:Q99570691|United States Tennis Association Eastern (lang:en)",ComplexQA/Monaco_non_time_complex/00032.json
Did the film The Godfather win any Academy Award?,Yes,7,SimpleQA/CompMix_table_simple_qa/00252.json
Which character played the main love interest of Francine Fran Fine on The Nanny,Maxwell Sheffield,Danny Imperiali,ComplexQA/CompMix_infobox_complex/00077.json
What is the main topic of the television series Better Call Saul,black comedy,"drama fiction (lang:en)
legal drama (lang:en)
tragedy (lang:en)
crime television series (lang:en)",ComplexQA/CompMix_infobox_complex/00241.json
who is the manager of Rayo Vallecano team?,Andoni Iraola,wd:Q2499750|Iñigo Pérez (lang:en),SimpleQA/CompMix_table_simple_qa/00127.json
Who is the director of the second season of Under the Dome,Jack Bender,"Ernest Dickerson
Olatunde Osunsanmi
Kari Skogland
Sam Hill
Sergio Mimica-Gezzan
...
David Barrett
Eriq La Salle
Lee Rose
Niels Arden Oplev
P. J. Pesce",ComplexQA/CompMix_infobox_complex/00291.json
In what year did the channel VH1 changed their name to MTV Classic,2010,1999-01-01T00:00:00Z,ComplexQA/CompMix_infobox_complex/00127.json
Name the eight most populous cities in Italy along with their number of residents and population density.,"[['Rome', '4,342,212', '2,236/km2'], ['Milan', '1,371,498', '7,800/km2'], ['Naples', '909,048 (30 June 2022)', '7,800/km2'], ['Turin', '848,885', '6,500/km2'], ['Palermo', '676,118', '3,900/km2'], ['Genoa', '560,688', '2,400/km2'], ['Bologna', '392,203', '2,800/km2'], ['Florence', '367,150', '3,600/km2']]","wd:Q490|Milan (lang:en)|1354196.0|
wd:Q2634|Naples (lang:en)|913462.0|
wd:Q2656|Palermo (lang:en)|630167.0|
wd:Q1891|Bologna (lang:en)|387971.0|
wd:Q3519|Bari (lang:en)|315473.0|
wd:Q2028|Verona (lang:en)|255588.0|
wd:Q641|Venice (lang:en)|250369.0|
wd:Q13666|Messina (lang:en)|218786.0|",ComplexQA/Monaco_time_complex/00071.json
What is the area of the country represented in the 2018 Internazionali di Tennis Castel del Monte by the athlete coached by Claudio Galoppini,"301,340 km2",302068.0,ComplexQA/OTT_QA_dev_complex/00386.json
What is the award received in 1990 for Most Promising Actress by Vanessa Paradis,César Award,"Prix Romy Schneider (lang:en)
Victoires de la Musique – Female artist of the year (lang:en)",ComplexQA/CompMix_table_complex/00092.json
Who is the screen writer of the movie Dora and the Lost City of Gold,Nicholas Stoller,James Bobin|James Bobin (lang:en),ComplexQA/CompMix_infobox_complex/00060.json
What's the name of the person who created the TV series The Sopranos,David Chase,Tim Van Patten (lang:en),ComplexQA/CompMix_infobox_complex/00162.json
The team ranked number 8 at the 2014 Asian games in Handball has competed in the men 's 2014 Asian Men 's Handball Championships how many times,six times,0,ComplexQA/OTT_QA_dev_complex/00152.json
Which independent countries was Elizabeth II Queen of throughout her lifetime,"['United Kingdom', 'Canada', 'Australia', 'New Zealand', 'South Africa', 'Pakistan', 'Ceylon', 'Ghana', 'Nigeria', 'Sierra Leone', 'Tanganyika', 'Jamaica', 'Trinidad and Tobago', 'Uganda', 'Kenya', 'Malawi', 'Malta', 'The Gambia', 'Rhodesia', 'Guyana', 'Barbados', 'Mauritius', 'Fiji', 'The Bahamas', 'Grenada', 'Papua New Guinea', 'Solomon Islands', 'Tuvalu', 'Saint Lucia', 'Saint Vincent and the Grenadines', 'Belize', 'Antigua and Barbuda', 'Saint Kitts and Nevis']","wd:Q145|United Kingdom (lang:en)
wd:Q16|Canada (lang:en)
wd:Q242|Belize (lang:en)
wd:Q244|Barbados (lang:en)
wd:Q26988|Cook Islands (lang:en)
wd:Q408|Australia (lang:en)
wd:Q664|New Zealand (lang:en)
wd:Q672|Tuvalu (lang:en)
wd:Q760|Saint Lucia (lang:en)
wd:Q766|Jamaica (lang:en)",ComplexQA/Monaco_non_time_complex/00068.json
"How many games involving the St. Louis Cardinals were played at Busch Stadium or Busch Stadium (II) across their 1982, 2006, and 2013 National League Championship Series appearances and their 2011 World Series appearance",12,"wd:Q12002552
wd:Q2938063
wd:Q504309",ComplexQA/Sportsreason_TANQ_complex/00032.json
Who is the current mayor of the municipality that was the venue of the Grande Premio Internacional en Marcha Atletica in the 2010 IAAF Race Walking Challenge,Isaura Morais,wd:Q74512|Helma Orosz (lang:en),ComplexQA/OTT_QA_dev_complex/00139.json
What is the 2004–05 ISU Junior Grand Prix 's country population where the 2004 JGP Ukrainian Souvenir was held on Sept. 29 - Oct. 3,42 million,340110988.0,ComplexQA/OTT_QA_dev_complex/00306.json
The Skip Magnus Ramsfjell is from a 2019 World Junior Curling Championship Men 's Round Robin country with a population of how many people,"5,312,300",5822863.0,ComplexQA/OTT_QA_dev_complex/00346.json
Did Neil Grayston appear in Psych?,Yes,0,SimpleQA/CompMix_table_simple_qa/00050.json
What is the form of creative work of the  Hellbound  television show,studio album,television series,ComplexQA/CompMix_infobox_complex/00276.json
How many events for men at the 1956 Summer Olympics were held for this competition that took place at the venue damaged during the 1991 fire,six for men,0,ComplexQA/OTT_QA_dev_complex/00217.json
"What was the total attendance for games played at Fenway Park during the 1975 American League Championship Series, the 2013 American League Championship Series, and the 2018 World Series",263316,0,ComplexQA/Sportsreason_TANQ_complex/00093.json
Who were the leaders of the First Crusade and what were their titles,"[['Raymond IV of Toulouse', 'count of Toulouse'], ['Raymond IV of Toulouse', 'duke of Narbonne'], ['Raymond IV of Toulouse', 'margrave of Provence'], ['Adhemar of Le Puy #', 'bishop of Puy-en-Velay'], ['Godfrey of Bouillon', 'prince'], ['Godfrey of Bouillon', 'Advocatus Sancti Sepulchri'], ['Godfrey of Bouillon', 'Duke of Lower Lorraine'], ['Baldwin of Boulogne', 'count of Edessa'], ['Baldwin of Boulogne', 'king of Jerusalem'], ['Hugh of Vermandois', 'Count of Vermandois'], ['Stephen of Blois', 'King of England'], ['Stephen of Blois', 'Count of Boulogne jure uxoris'], ['Stephen of Blois', 'Duke of Normandy'], ['Robert II of Flanders', 'Count of Flanders'], ['Robert Curthose', 'Duke of Normandy'], ['Bohemond of Taranto', 'Prince'], ['Tancred', 'Prince of Galilee'], ['Alexios I Komnenos', 'emperor'], ['Tatikios', 'general'], ['Manuel Boutoumites', 'general'], ['Kilij Arslan', 'Seljuq Sultan of Rum'], ['Yaghi-Siyan X', 'commander'], ['Yaghi-Siyan X', 'governor'], ['Kerbogha', 'atabeg of Mosul'], ['Ridwan', 'emir of Aleppo'], ['Toghtekin', 'emir of Damascus'], ['Janah ad-Dawla', 'emir of Homs'], ['Janah ad-Dawla', 'atabeg of Ridwan'], ['Iftikhar al-Dawla', 'governor'], ['Al-Afdal Shahanshah', 'vizier'], ['Duqaq', 'Emir of Damascus']]","wd:Q220806|Bohemond I of Antioch (lang:en)|wd:Q104750468|prince of Taranto (lang:en)
wd:Q2604029|Iftikhar ad-Daula (lang:en)|wd:Q132050|governor (lang:en)
wd:Q365543|Kerbogha (lang:en)|wd:Q174506|Atabeg (lang:en)
wd:Q41600|Alexios I Komnenos (lang:en)|wd:Q18577504|Byzantine emperor (lang:en)
wd:Q49967|Adhemar of Le Puy (lang:en)|wd:Q22813655|bishop of Le Puy-en-Velay (lang:en)
...|...|...|...
wd:Q51720|Tancred, Prince of Galilee (lang:en)|wd:Q51951062|regent of the Principality of Antioch (lang:en)
wd:Q714771|Danishmend Gazi (lang:en)|wd:Q52147334|Bey of Karasi (lang:en)
wd:Q551601|Al-Afdal Shahanshah (lang:en)|wd:Q52770826|Vizier of the Fatimid Caliphate (lang:en)
wd:Q51717|Baldwin I of Jerusalem (lang:en)|wd:Q693614|King of Jerusalem (lang:en)
wd:Q49967|Adhemar of Le Puy (lang:en)|wd:Q740369|papal legate (lang:en)",ComplexQA/Monaco_non_time_complex/00029.json
What team did Cristiano Ronaldo first play for in his youth career,CF Andorinha,Sporting CP (lang:en),ComplexQA/CompMix_infobox_complex/00211.json
What is the original title of the novel The Alchemist?,O Alquimista,Ashiaman (lang:pt),SimpleQA/CompMix_table_simple_qa/00184.json
How many goals did Pele scored for New York Cosmos in the year 1975,17,111.0,ComplexQA/CompMix_table_complex/00094.json
What's the run time for all the movies in the Harry Potter film series combined,1179 minutes,0,ComplexQA/CompMix_infobox_complex/00056.json
How many residents does the capital city of the country represented by the 2015 Kangaroo Cup single 's player to finally retire in Sept 2017 have,38 million,689545.0,ComplexQA/OTT_QA_dev_complex/00162.json
What is the current soccer team of Neymar?,Paris Saint-Germain F.C,Neymar (lang:en),SimpleQA/CompMix_table_simple_qa/00122.json
"What is the total area of this country from which this two-time Nebelhorn Trophy champion , who competed at World Junior Figure Skating Championships in 1998 , comes","17,125,200 square kilometres",357587.77,ComplexQA/OTT_QA_dev_complex/00065.json
Which film by Clint Eastwood has won the maximum number of Academy Awards and BAFTA Awards,Unforgiven,Million Dollar Baby|Million Dollar Baby (lang:en)|8,ComplexQA/CompMix_table_complex/00053.json
Who is the author of the The Invisible Man ?,Ralph Ellison,"wd:Q183167|G. K. Chesterton (lang:en)
wd:Q183167|G. K. Chesterton (lang:en)
wd:Q42511|H. G. Wells (lang:en)
wd:Q42511|H. G. Wells (lang:en)
wd:Q42511|H. G. Wells (lang:en)
wd:Q42511|H. G. Wells (lang:en)
wd:Q42511|H. G. Wells (lang:en)
wd:Q42511|H. G. Wells (lang:en)",SimpleQA/CompMix_table_simple_qa/00168.json
"The group whose guitarist is Billy Howerdel released an album that was photographed by Sean Murphy , and whose name means what in French",Sea of Names,"Ashes Divide (lang:fr)
A Perfect Circle (lang:fr)",ComplexQA/OTT_QA_dev_complex/00332.json
What was the name of Megan Rapinoe's youth soccer team when she was in high school,Elk Grove Pride,United States women's national under-20 association football team (lang:en),ComplexQA/CompMix_infobox_complex/00040.json
"Name the seven most populous cities in Italy, their number of residents and when were they founded.","[['Palermo', '676,118', '734 BC'], ['Rome', '2,860,009', 'About 14,000 years ago.'], ['Bologna', '394,843', '3rd millennium BCE'], ['Naples', '910,439', 'First millennium BC'], ['Turin', '847,287', 'In the first century BC (probably 28 BC)'], ['Milan', '1,371,498', 'Around 600 BC'], ['Genoa', '580,097', '5th Century BC']]","wd:Q490|Milan (lang:en)|1354196.0|-0599-01-01T00:00:00Z
wd:Q2028|Verona (lang:en)|255588.0|-0549-01-01T00:00:00Z
wd:Q641|Venice (lang:en)|250369.0|0421-03-26T00:00:00Z
wd:Q13666|Messina (lang:en)|218786.0|-0800-01-01T00:00:00Z
wd:Q13498|Taranto (lang:en)|188098.0|-0705-01-01T00:00:00Z
wd:Q13369|Rimini (lang:en)|149211.0|-0267-01-01T00:00:00Z
wd:Q13410|Latina (lang:en)|127564.0|1932-06-30T00:00:00Z",ComplexQA/Monaco_time_complex/00070.json
"How many games were played by the Boston Red Sox in the 1975 American League Championship Series, the 2013 American League Championship Series, and the 2018 World Series",14,9.0,ComplexQA/Sportsreason_TANQ_complex/00141.json
"What is the combined number of games played in the 1975 American League Championship Series, the 2013 American League Championship Series, and the 2018 World Series",14,9.0,ComplexQA/Sportsreason_TANQ_complex/00159.json
Selena Gomez held which position?,UNICEF Goodwill Ambassador,"filmmaker (lang:en)
singer (lang:en)
record producer (lang:en)
voice actor (lang:en)
actor (lang:en)
fashion designer (lang:en)
businessperson (lang:en)
model (lang:en)
singer-songwriter (lang:en)
child actor (lang:en)",SimpleQA/CompMix_table_simple_qa/00166.json
What awards did A Wrinkle in Time win?,St. Louis Film Critics Awards,Newbery Medal (lang:en),SimpleQA/CompMix_table_simple_qa/00057.json
What country borders the north of the country whose Men 's long jump athlete 's result was less than 5.00 in the 1967 European Indoor Games,Slovakia,wd:Q1377356,ComplexQA/OTT_QA_dev_complex/00186.json
What is the social media followers of the gang of four in twitter,"11,708","12437.0
19400.0",ComplexQA/CompMix_infobox_complex/00117.json
What is the first movie that Zachary Levi was nominated for an award,Tangled,Thor: The Dark World|2014-04-13T00:00:00Z,ComplexQA/CompMix_table_complex/00178.json
Who wrote the standalone novel series ?,George Orwell,"http://www.wikidata.org/.well-known/genid/015ffed2fa0d8bf3620782e0e5a9ee54|
http://www.wikidata.org/.well-known/genid/01edd03d0a394a94d5a010ce53b3ee85|
http://www.wikidata.org/.well-known/genid/028171209f92e6d46eaae77f2fcc38dc|
http://www.wikidata.org/.well-known/genid/030de326d10a6b7dd1676fd5ab85bf0e|
http://www.wikidata.org/.well-known/genid/03320b4d98aa5a0caaa34187e37a8a51|
...|...
http://www.wikidata.org/.well-known/genid/3c32c1c7a9aa72b8a3bc6413937976d7|
http://www.wikidata.org/.well-known/genid/3c4885d74771cfebb165114d9bcd6a97|
http://www.wikidata.org/.well-known/genid/3d3402ab4d4228de8d8188b565eb470c|
http://www.wikidata.org/.well-known/genid/3f4dc4ea41ef6ae98fd6ce8d01f7c87f|
http://www.wikidata.org/.well-known/genid/3fb4e7b8e8eef10ccacd69caf0f24b42|",SimpleQA/CompMix_table_simple_qa/00190.json
Who was the head coach of Brazil's 2020 men's Olympic football team,André Jardine,"Dunga
Mano Menezes",ComplexQA/CompMix_infobox_complex/00287.json
what are the most common names for girls in the UK that are not originally Biblical,"['Amelia', 'Aoife', 'Rosie', 'Olivia', 'Isla', 'Ava', 'Ivy', 'Florence', 'Lily', 'Freya', 'Mia', 'Willow', 'Emily', 'Fiadh', 'Millie', 'Sophie', 'Ella', 'Charlotte']","Smith (lang:en)|348
Jones (lang:en)|334
Williams (lang:en)|225
Davies (lang:en)|220
Brown (lang:en)|200
Taylor (lang:en)|176
Wilson (lang:en)|160
Thomas (lang:en)|146
Evans (lang:en)|144
Campbell (lang:en)|134",ComplexQA/Monaco_time_complex/00112.json
"Tell me the average expenditure on healthcare, education and housing during the Gordon Brown government compared to those of David Cameron's","[['Healthcare Gordon Brown', 114000000000.0], ['Education Gordon Brown', 84000000000.0], ['Housing Gordon Brown', 25250000000.0], ['Healthcare David Cameron', 130500000000.0], ['Education David Cameron', 92771428571.42857], ['Housing David Cameron', 26000000000.0]]",0,ComplexQA/Monaco_non_time_complex/00103.json
"How many seasons did the club that won the '09–10 Azerbaijan Cup 1st round first leg with highest margin , play in the Azerbaijan Premier League",18 seasons,0,ComplexQA/OTT_QA_dev_complex/00169.json
Argentina national football team captain?,2018 FIFA World Cup,wd:Q17415291,SimpleQA/CompMix_table_simple_qa/00058.json
What is the traditional area of the Sami people whose religion 's name variation is noted for a rock of the shape resembling a ragged woman goddess,Sápmi,Zeitschrift für romanische Philologie (lang:en),ComplexQA/OTT_QA_dev_complex/00124.json
Which country did Francesco Totti represent?,Italy,wd:Q38,SimpleQA/CompMix_table_simple_qa/00249.json
Francesco Totti played for which country?,Italy,wd:Q38,SimpleQA/CompMix_table_simple_qa/00281.json
What country's national team does Alessandro Del Piero play for?,Italy,wd:Q38,SimpleQA/CompMix_table_simple_qa/00086.json
When was this circular fortification constructed on the 172-acre island in New York Harbor 732 m away from Manhattan Island in New York City,early 19th century,1807-01-01T00:00:00Z,ComplexQA/OTT_QA_dev_complex/00339.json
"What sea contains the Lampedusa , the enclosed part of the nation that hosted the Primavera Rosa in the 2003 UCI Women 's Road World Cup",Tunisian,Facebook (lang:en),ComplexQA/OTT_QA_dev_complex/00208.json
which country of origin of the Nineteen Eighty-Four  Book?,United Kingdom,"wd:Q145
wd:Q145
wd:Q145",SimpleQA/CompMix_table_simple_qa/00061.json
"Which label released the album produced by Bee Hive Records featuring Joe Newman , Al Grey , Junior Mance , George Duvivier and Panama Francis",Bee Hive Label,"La Goulue (lang:br)
La Goulue (lang:ca)
La Goulue (lang:cs)
La Goulue (lang:da)
La Goulue (lang:de)
...
لا گولو (lang:fa)
لويز ويبر (lang:ar)
라굴루 (lang:ko)
ラ・グーリュ (lang:ja)
拉·古留 (lang:zh)",ComplexQA/OTT_QA_dev_complex/00281.json
"Which country awarded the author Najib Mahfouz by ""Grand Cordon of the Order of the Nile""?",Egypt,"wd:Q124943|Brenhiniaeth yr Aifft (lang:cy)
wd:Q124943|Egipta Reĝlando (lang:eo)
wd:Q124943|Egiptoko Erresuma (lang:eu)
wd:Q124943|Egiptuse kuningriik (lang:et)
wd:Q124943|Egyiptomi Királyság (lang:hu)
...|...
wd:Q79|埃及 (lang:zh-hk)
wd:Q79|埃及 (lang:zh-mo)
wd:Q79|埃及 (lang:zh-my)
wd:Q79|埃及 (lang:zh-sg)
wd:Q79|埃及 (lang:zh-tw)",SimpleQA/CompMix_table_simple_qa/00280.json
Who is the top scorer on the El Salvador national football team,Raúl Díaz Arce,Frank Banham|9.0,ComplexQA/CompMix_infobox_complex/00195.json
"Director's name for the initial four ""Scream"" movies?",Wes Craven,"Alfonso Ungría (lang:en)
Rod Hardy (lang:en)",SimpleQA/CompMix_table_simple_qa/00034.json
what is the notable work by the Composer Tan Dun?,The First Emperor,"wd:Q106898718|The Banquet – Music from the Original Soundtrack (lang:en)
wd:Q4597906|2000 Today (lang:en)
wd:Q5189032|Crouching Tiger, Hidden Dragon (lang:en)",SimpleQA/CompMix_table_simple_qa/00027.json
How old are the actors of the main cast of Lost today,"[['Naveen Andrews', '54'], ['Emilie de Ravin', '41'], ['Matthew Fox', '57'], ['Jorge Garcia', '50'], ['Maggie Grace', '40'], ['Josh Holloway', '54'], ['Malcolm David Kelley', '31'], ['Daniel Dae Kim', '55'], ['Yunjin Kim', '49'], ['Evangeline Lilly', '44'], ['Dominic Monaghan', '44'], [""Terry O'Quinn"", '71'], ['Harold Perrineau', '60'], ['Ian Somerhalder', '44'], ['Adewale Akinnuoye-Agbaje', '56'], ['Michelle Rodriguez', '45'], ['Cynthia Watros', '55'], ['Henry Ian Cusick', '56'], ['Michael Emerson', '69'], ['Elizabeth Mitchell', '53'], ['Kiele Sanchez', '45'], ['Rodrigo Santoro', '48'], ['Jeremy Davies', '53'], ['Ken Leung', '53'], ['Rebecca Mader', '46'], ['Néstor Carbonell', '55'], ['Jeff Fahey', '70'], ['Zuleikha Robinson', '46'], ['Sam Anderson', '76'], ['François Chau', '63'], ['Fionnula Flanagan', '81'], ['John Terry', '73'], ['Sonya Walger', '49']]","wd:Q106997|Jamie Lee Curtis (lang:en)|65
wd:Q1152815|Marc McClure (lang:en)|66
wd:Q202313|Chad Michael Murray (lang:en)|42
wd:Q242560|Julie Gonzalo (lang:en)|42
wd:Q2454497|Amir Derakh (lang:en)|60
...|...|...
wd:Q520773|Ryan Malgarini (lang:en)|31
wd:Q5693854|Heather Hach (lang:en)|70
wd:Q641050|Cayden Boyd (lang:en)|29
wd:Q954950|Harold Gould (lang:en)|100
wd:Q976462|Danny Rubin (lang:en)|66",ComplexQA/Monaco_time_complex/00025.json
What was the first show to win the Outstanding Multi-Camera Picture Editing for a Comedy Series award,The Adams Chronicles,How I Met Your Mother,ComplexQA/CompMix_table_complex/00040.json
What's the name of the first book in the Wheel of Time series,The Eye of the World,New Spring|New Spring (lang:en),ComplexQA/CompMix_table_complex/00157.json
What is the name of the first book in the Wheel of Time series,The Eye of the World,New Spring|New Spring (lang:en),ComplexQA/CompMix_infobox_complex/00104.json
What is the genre of the TV series Cursed composer Jeff Russo,Rock music,"adventure television series (lang:en)
teen drama television (lang:en)
fantasy television series (lang:en)",ComplexQA/CompMix_infobox_complex/00281.json
What prestigious awards have been won by each of the past four Savilian Professors of Astronomy,"[['Shaw Prize', 'Royal Society Wolfson Research Merit Award', 'Eddington Medal', 'IOP Dirac Medal'], ['Sloan Research Fellow', 'Guggenheim Fellow', 'Fellow of the American Physical Society', 'Fellow of the Royal Society', 'Inclusion in the American Academy of Arts and Sciences', 'Gold Medal of the Royal Astronomical Society', 'Balzan Prize for his works on the early Universe', 'Member of the US National Academy of Sciences', 'Henry Norris Russell Lectureship', 'Gruber Prize in Cosmology with Nicholas Kaiser for their seminal contributions to the theory of cosmological structure formation and probes of dark matter', 'Fellow of the American Astronomical Society', 'Nick Kylafis Lecturer'], ['Maxwell Medal', 'Prize of the Institute of Physics', 'Fellow of the Royal Society (FRS)', 'Bodossaki Foundation Academic and Cultural Prize for Astrophysics', 'Robinson Prize in Cosmology', 'Dannie Heineman Prize for Astrophysics', 'Gruber Prize in Cosmology', 'Nemitsas Prize in Physics', 'Hughes Medal of the Royal Society', 'Gold Medal of the Royal Astronomical Society'], ['{}']]","wd:Q8009072|wd:Q15631401|William Fishburn Donkin (lang:en)|Fellow of the Royal Society (lang:en)
wd:Q312278|wd:Q15631401|James Bradley (lang:en)|Fellow of the Royal Society (lang:en)
wd:Q312278|wd:Q28003|James Bradley (lang:en)|Copley Medal (lang:en)
wd:Q2747596|wd:Q15631401|John Keill (lang:en)|Fellow of the Royal Society (lang:en)",ComplexQA/Monaco_time_complex/00020.json
Robert Lewandowski is the captain of which national team?,Poland,wd:Q7156,SimpleQA/CompMix_table_simple_qa/00176.json
What is the competition during the Bangor City FC season that was the 57th season of Europe 's premier club football tournament organised by UEFA,UEFA Champions League,Eleutherius (lang:en),ComplexQA/OTT_QA_dev_complex/00312.json
What is the current FIFA ranking for the Germany National Football Team,12th,1.0,ComplexQA/CompMix_infobox_complex/00188.json
Who is the head coach of the United States men's national soccer team,Gregg Berhalter,Mauricio Pochettino,ComplexQA/CompMix_infobox_complex/00146.json
Who was the Head coach of the soccerUnited States men's national soccer team,Gregg Berhalter,Mauricio Pochettino,ComplexQA/CompMix_infobox_complex/00153.json
Who is the director of The Old Man and the Sea book,Jud Taylor,Ernest Hemingway,ComplexQA/CompMix_infobox_complex/00299.json
which book does the tv series locke & key Based on,Locke & Key,"wd:Q27710023|Bulletin of the Los Angeles neurological societies (lang:ast)
wd:Q27710023|Bulletin of the Los Angeles neurological societies (lang:en)
wd:Q27710023|Bulletin of the Los Angeles neurological societies (lang:es)
wd:Q27710023|Bulletin of the Los Angeles neurological societies (lang:fr)
wd:Q27710023|Bulletin of the Los Angeles neurological societies (lang:ga)
wd:Q27710023|Bulletin of the Los Angeles neurological societies (lang:it)
wd:Q27710023|Bulletin of the Los Angeles neurological societies (lang:nl)",ComplexQA/CompMix_infobox_complex/00189.json
What is the title of the first Wheel of Time book,The Eye of the World,"wd:Q134450213
wd:Q477994",ComplexQA/CompMix_table_complex/00277.json
"What country was Gianni Infantino originally from, who is the current president of FIFA",Switzerland,wd:Q39,ComplexQA/CompMix_infobox_complex/00106.json
"What is the name of the Montserrat sport with a 1982 record in female athletics , involving a person throwing a heavy bar as far as possible",Shot put,wd:Q184865,ComplexQA/OTT_QA_dev_complex/00130.json
Where the original RoboCop trilogy movies all direct by Paul Verhoeven?,No,"wd:Q24577596|RoboDoc: The Creation of Robocop (lang:en)|wd:Q24578896
wd:Q372514|RoboCop (lang:en)|wd:Q129079
wd:Q834021|RoboCop 2 (lang:en)|wd:Q119348
wd:Q841233|RoboCop 3 (lang:en)|wd:Q1452257
wd:Q864518|RoboCop (lang:en)|wd:Q1332810",SimpleQA/CompMix_table_simple_qa/00158.json
who did dwight howard play for last year,Atlanta Hawks | Charlotte Hornets,Taoyuan Leopards (lang:en),SimpleQA/NQ_table_test_simple/00167.json
Who is the creator of the book series Diary of a Wimpy Kid?,Jeff Kinney,"wd:Q311704
wd:Q311704",SimpleQA/CompMix_table_simple_qa/00225.json
On what show did she play Heather McCoy?,Married... with Children,|Kaja Rogulj (lang:en),SimpleQA/CompMix_table_simple_qa/00161.json
Who was the commander of that mission?,Yury Lonchakov,"wd:Q7320
wd:Q7320
wd:Q7320
wd:Q537303
wd:Q29552
...
wd:Q157537
wd:Q29468
wd:Q29552
wd:Q186867
wd:Q79854",SimpleQA/CompMix_table_simple_qa/00064.json
Initial movie in The Hobbit film series?,The Hobbit: An Unexpected Journey,wd:Q80379,SimpleQA/CompMix_table_simple_qa/00030.json
Kyle Neypes who was drafted in the fourth round of the '17 PBA draft is from a country with a population of at least how many people,100 million,17942942.0,ComplexQA/OTT_QA_dev_complex/00092.json
Who Directs the TV series Hanna?,Sarah Adina Smith,wd:Q269796|Walter Lang (lang:en),SimpleQA/CompMix_table_simple_qa/00126.json
Origin of the band Avenged Sevenfold?,Huntington Beach,United States (lang:en),SimpleQA/CompMix_table_simple_qa/00093.json
List the percentage of centers out of the NBA scoring leaders for each decade.,"[[""1940's"", 25.0], [""1950's"", 70.0], [""1960's"", 80.0], [""1970's"", 50.0], [""1980's"", 0.0], [""1990's"", 20.0], [""2000's"", 9.090909090909093], [""2010's"", 0.0], [""2020's"", 50.0]]","1020|2||
1080|3||
1110|1||
1120|1||
1130|2||
...|...|...|...
9570|1||
9580|1||
9720|1||
9830|1||
arg0|1||",ComplexQA/Monaco_time_complex/00105.json
"For each member of The Seven in The Boys TV show, list their actual comic book inspiration.","[['The Homelander', 'Superman'], ['The Homelander', 'Captain America'], ['Black Noir', 'Batman'], ['Queen Maeve', 'Wonder Woman'], ['Starlight', 'Mary Marvel'], ['Starlight', 'Dazzler'], ['Stormfront', 'Thor'], ['Stormfront', 'Black Adam'], ['The Deep', 'Aquaman']]","wd:Q104079832|Found Life: Poems, Stories, Comics, a Play, and an Interview (lang:en)|wd:Q101096084|Book Reviews (lang:en)
wd:Q98964710|This Is Not Propaganda (lang:en)|wd:Q101104131|Book Review: This is Not Propaganda: Adventures in the War Against Reality, by Peter Pomerantsev (lang:en)
wd:Q98964710|This Is Not Propaganda (lang:en)|wd:Q101104133|This is Not Propaganda: Adventures in the War Against Reality (lang:en)
wd:Q105686813|The Russian Revolution: A New History (lang:en)|wd:Q101304347|The Red Line in Russia's History (lang:en)
wd:Q105360442|Russia in Revolution (lang:en)|wd:Q101304347|The Red Line in Russia's History (lang:en)
...|...|...|...
wd:Q139021789|Shikayat Ahl al-Sunnah (lang:en)|wd:Q6810913|Tabaqat al-Shafi'iyya al-Kubra (lang:en)
wd:Q110930330|Seventy Years of Life and Labor (lang:en)|wd:Q783630|Journal of Political Economy (lang:en)
wd:Q103896193|Intellectual Mastery of Nature (lang:en)|wd:Q81191655|An epoch in german physics: intellectual mastery of nature (lang:en)
wd:Q1219497|Seven Wise Masters (lang:en)|wd:Q867541|Encyclopædia Britannica 11th edition (lang:en)
wd:Q109246980|International Exhibition of Modern Jewelry, 1890-1961 (lang:en)|wd:Q89929597|hedendaagsesieraden.nl (lang:en)",ComplexQA/Monaco_non_time_complex/00102.json
What is the works in the collection of the Black Flag music band,Museum of Modern Art,"Black Flag with Raymond Pettibon – Slip It In
The Process of Weeding Out
Slip It In
In My Head
Everything Went Black
...
Nervous Breakdown
The First Four Years
Family Man
Jealous Again
My War",ComplexQA/CompMix_infobox_complex/00128.json
who wrote the declaration of man and citizen,"General Lafayette, (sometimes with Thomas Jefferson) and Honoré Mirabeau",wd:Q876424|National Constituent Assembly (lang:en),SimpleQA/NQ_table_test_simple/00111.json
What was the 16th and final book in the Left Behind series,Kingdom Come,wd:Q7029183|Nicolae (lang:en),ComplexQA/CompMix_table_complex/00270.json
"Who have been the rulers of Libya, since its independence","['Idris I', 'Muammar Gaddafi', 'Abdul Ati al-Obeidi', 'Muhammad az-Zaruq Rajab', 'Mifta al-Usta Umar', 'Abdul Razzaq as-Sawsa', 'Muhammad az-Zanati', ""Miftah Muhammed K'eba"", 'Imbarek Shamekh', 'Mohamed Abu al-Qasim al-Zwai', 'Mustafa Abdul Jalil', 'Mohammed Ali Salim', 'Mohammed Magariaf', 'Giuma Ahmed Atigha', 'Nouri Abusahmain', 'Abu Bakr Baira', 'Aguila Saleh Issa', 'Fayez al-Sarraj', 'Mohamed al-Menfi']","wd:Q179858
wd:Q29021
wd:Q29207
wd:Q29213
wd:Q29230
wd:Q503143",ComplexQA/Monaco_time_complex/00060.json
which film won the oscar for best animated feature in 2007,Ratatouille,"wd:Q126800
wd:Q446960",SimpleQA/NQ_table_test_simple/00120.json
What was Black Eyed Peas' debut album after being signed by Interscope Records,Behind the Front,Fallin' Up/¿Que Dices?|Fallin' Up/¿Que Dices? (lang:en),ComplexQA/CompMix_table_complex/00146.json
Which European countries have never fought in a war against France,"['Andorra', 'Armenia', 'Azerbaijan', 'Belarus', 'Belgium', 'Bosnia and Herzegovina', 'Estonia', 'Greece', 'Ireland', 'Kazakhstan', 'Monaco', 'Norway', 'Cyprus', 'Moldova', 'North Macedonia', 'Poland', 'San Marino']","wd:Q1246
wd:Q145
wd:Q159
wd:Q183
wd:Q184
...
wd:Q40
wd:Q403
wd:Q41
wd:Q45
wd:Q55",ComplexQA/Monaco_non_time_complex/00128.json
"Name all the battles between the Dutch and English in the First, Second and Third Anglo-Dutch Wars, and list the victor of each battle.","[[['Dover', 'inconclusive'], ['Plymouth', 'Dutch Republic'], ['Elba', 'United Provinces (Dutch victory)'], ['Kentish Knock', 'Commonwealth of England'], ['Dungeness', 'Dutch'], ['Portland', 'Commonwealth of England'], ['Leghorn', 'United Provinces (Dutch victory)'], ['Gabbard', 'Commonwealth of England'], ['Scheveningen', 'English Commonwealth']], [['Lowestoft', 'England'], ['Vågen', ['Dutch Republic', 'Denmark–Norway']], [""Four Days' Battle"", 'Dutch Republic'], [""St. James' Day"", 'England'], [""Holmes'Bonfire"", 'England'], ['Dungeness Raid on the Medway', 'Dutch Republic'], ['Landguard Fort', 'England'], ['New Netherland', 'England'], ['Barbados', 'England'], ['Nevis', 'England'], ['Martinique', 'England'], ['Cayenne', 'England'], ['Fort Zeelandia', 'England']], [['Action of 12 March 1672', 'Dutch Republic'], ['Battle of Solebay', 'Dutch Republic'], ['1st Dutch invasion of Saint Helena', 'Dutch Republic'], ['Dutch Raid on North America', 'Dutch'], ['Reconquest of New Netherland', 'Dutch Republic'], ['Second Battle of the James River (1673)', 'Dutch Republic'], ['2nd Dutch invasion of Saint Helena', 'England'], ['First Battle of the Schooneveld', 'Dutch Republic'], ['Second Battle of the Schooneveld', 'Dutch Republic'], ['Battle of Texel', 'Dutch Republic'], ['Battle of Masulipatnam', 'Dutch Republic'], ['Battle of Ronas Voe', 'Kingdom of England']]]","wd:Q1151913
wd:Q916495
wd:Q1342568",ComplexQA/Monaco_non_time_complex/00026.json
"What was the shortest duration in minutes for a game played between the Los Angeles Dodgers and the Philadelphia Phillies in the 1977, 1978, 2008, or 2009 National League Championship Series",126,,ComplexQA/Sportsreason_TANQ_complex/00082.json
What was the difference in the number of races between the Formula One season with the most Grands Prix and the season with the fewest Grands Prix during the years Lewis Hamilton and Mercedes won the championship together,2,,ComplexQA/Sportsreason_TANQ_complex/00031.json
"What was the highest attendance for any game played during the 1975 American League Championship Series, the 2013 American League Championship Series, or the 2018 World Series",54400,,ComplexQA/Sportsreason_TANQ_complex/00127.json
"What is the fewest number of games played in a championship or World Series won by the Boston Red Sox among the 1975, 1986, 2004, 2007, 2013, and 2018 series",3,,ComplexQA/Sportsreason_TANQ_complex/00186.json
How many years passed between the first and last National League Championship Series featuring both the Los Angeles Dodgers and the Philadelphia Phillies,32,,ComplexQA/Sportsreason_TANQ_complex/00198.json
What is the lowest number of Grand Final appearances for the senior team of either the Richmond or Collingwood football club in the Victorian Football League/Australian Football League,11,,ComplexQA/Sportsreason_TANQ_complex/00101.json
What is the highest number of Grand Final appearances made by either the Richmond Football Club or the Collingwood Football Club in the Victorian Football League/Australian Football League,27,,ComplexQA/Sportsreason_TANQ_complex/00087.json
What is the highest number of Grand Final appearances in the Victorian Football League/Australian Football League achieved by either the Collingwood Football Club or the Fitzroy Football Club,27,,ComplexQA/Sportsreason_TANQ_complex/00080.json
"What was the highest attendance recorded for any single game played by the Boston Red Sox during their winning 2018 World Series, 2013 American League Championship Series, or 1975 American League Championship Series appearances",54400,,ComplexQA/Sportsreason_TANQ_complex/00024.json
Name the five US metropolitan areas with the highest share of people against gay marriage.,"['Buffalo–Niagara Falls, New York', 'Spokane, Washington', 'Raleigh–Durham–Chapel Hill, North Carolina', 'Fresno, California', 'Grand Rapids–Muskegon–Holland, Michigan']",,ComplexQA/Monaco_time_complex/00109.json
What year was the winning team formed at the 2002 Formula Renault 2000 Eurocup circuit where the pole position was a driver born and raised in Stevenage,1990,,ComplexQA/OTT_QA_dev_complex/00109.json
"The team , which participated in 2017–18 Korisliiga season , from the town at the mouth of the Kymi River has played in the Korisliiga since which year",1957,,ComplexQA/OTT_QA_dev_complex/00059.json
"What was the highest attendance figure for any game played in the 2018 World Series, 2013 American League Championship Series, or 1975 American League Championship Series",54400,,ComplexQA/Sportsreason_TANQ_complex/00139.json
Who are the producers of the Coloratura song from the album Music of the Spheres?,"M. Martin, Holter, Rahko",,SimpleQA/CompMix_table_simple_qa/00209.json
What was the highest attendance figure recorded for any game played between the Los Angeles Dodgers and the Philadelphia Phillies in the National League Championship Series from 1977 through 2009,64924,,ComplexQA/Sportsreason_TANQ_complex/00068.json
"What was the highest attendance figure for any game won by the St. Louis Cardinals in the 2006 National League Championship Series, 2011 World Series, or 2013 National League Championship Series",56357,,ComplexQA/Sportsreason_TANQ_complex/00071.json
What was the nickname of the soccer United States men's national soccer team,Stars and Stripes The Yanks,"EUA (lang:ca)
SUA (lang:ro)
USA (lang:en)
ЗША (lang:be-tarask)",ComplexQA/CompMix_infobox_complex/00157.json
